Fixed-point accuracy study,,,,,,,,,,,,,,,,,,,,,
Clip #,Ground truth,TensorFlow,N_STO = 2,N_STO = 3,N_STO = 4,N_STO = 5,N_STO = 6,N_STO = 7,N_STO = 8,N_STO = 9,N_STO = 10,N_STO = 11,N_STO = 12,N_STO = 13,N_STO = 14,N_STO = 15,N_STO = 16,N_STO = 17,N_STO = 18,N_STO = 19,N_STO = 20
0,0,2,.,.,.,4,4,4,4,4,4,4,4,4,2,.,.,.,.,.,.
1,0,2,.,.,.,2,4,4,4,4,4,2,2,2,4,.,.,.,.,.,.
2,0,4,.,.,.,4,4,4,4,4,4,4,4,4,4,.,.,.,.,.,.
3,0,2,.,.,.,4,4,4,4,4,4,4,4,4,4,.,.,.,.,.,.
4,4,4,.,.,.,4,4,4,4,4,4,4,4,4,4,.,.,.,.,.,.
5,4,4,.,.,.,4,4,4,4,4,4,4,4,4,4,.,.,.,.,.,.
6,4,4,.,.,.,4,4,4,4,4,4,4,4,4,4,.,.,.,.,.,.
7,4,4,.,.,.,4,2,4,4,4,4,4,4,4,4,.,.,.,.,.,.
8,4,4,.,.,.,4,4,4,4,4,4,4,4,4,4,.,.,.,.,.,.
9,4,4,.,.,.,4,4,4,4,4,4,4,4,4,4,.,.,.,.,.,.
10,4,4,.,.,.,4,4,4,4,4,4,4,4,4,4,.,.,.,.,.,.
11,4,4,.,.,.,4,4,4,4,4,4,4,4,4,4,.,.,.,.,.,.
12,4,4,.,.,.,4,4,4,4,4,4,4,4,4,4,.,.,.,.,.,.
13,2,4,.,.,.,4,4,4,4,4,4,4,4,4,4,.,.,.,.,.,.
14,2,3,.,.,.,2,4,4,4,4,4,4,4,4,4,.,.,.,.,.,.
15,4,2,.,.,.,4,4,4,4,4,4,4,4,4,4,.,.,.,.,.,.
16,4,4,.,.,.,4,4,4,4,4,4,4,4,4,4,.,.,.,.,.,.
17,2,3,.,.,.,4,2,2,4,4,4,4,4,4,4,.,.,.,.,.,.
18,2,2,.,.,.,4,4,2,4,4,2,4,4,4,4,.,.,.,.,.,.
19,2,2,.,.,.,4,4,4,4,4,4,4,4,4,4,.,.,.,.,.,.
20,2,3,.,.,.,2,4,4,4,4,4,4,4,4,4,.,.,.,.,.,.
21,2,2,.,.,.,2,4,4,4,4,4,4,4,4,4,.,.,.,.,.,.
22,4,2,.,.,.,2,4,2,4,3,2,3,3,2,3,.,.,.,.,.,.
23,4,2,.,.,.,4,4,4,4,4,4,4,4,4,4,.,.,.,.,.,.
24,2,3,.,.,.,4,4,4,4,4,4,4,4,4,4,.,.,.,.,.,.
25,2,2,.,.,.,2,2,4,4,4,4,4,4,4,4,.,.,.,.,.,.
26,2,2,.,.,.,2,2,2,4,2,4,2,4,4,4,.,.,.,.,.,.
27,2,2,.,.,.,4,4,4,4,4,4,2,4,2,4,.,.,.,.,.,.
28,2,2,.,.,.,2,4,4,2,2,4,2,2,2,2,.,.,.,.,.,.
29,2,2,.,.,.,2,4,4,4,4,4,4,4,4,4,.,.,.,.,.,.
30,2,2,.,.,.,2,2,2,2,2,2,2,2,2,2,.,.,.,.,.,.
31,2,2,.,.,.,2,4,4,4,4,4,4,2,4,2,.,.,.,.,.,.
32,2,2,.,.,.,4,4,4,4,4,4,4,4,4,4,.,.,.,.,.,.
33,2,2,.,.,.,2,4,4,4,2,2,2,2,2,2,.,.,.,.,.,.
34,2,2,.,.,.,2,2,2,2,2,2,2,2,2,2,.,.,.,.,.,.
35,2,2,.,.,.,2,4,2,4,4,4,4,4,4,4,.,.,.,.,.,.
36,2,2,.,.,.,2,4,2,4,4,4,4,4,4,4,.,.,.,.,.,.
37,2,2,.,.,.,2,4,4,4,2,2,2,4,4,4,.,.,.,.,.,.
38,2,2,.,.,.,2,2,2,2,2,2,2,2,2,2,.,.,.,.,.,.
39,4,4,.,.,.,2,4,2,4,2,4,2,4,4,4,.,.,.,.,.,.
40,2,2,.,.,.,2,4,4,4,4,4,4,4,4,4,.,.,.,.,.,.
41,2,2,.,.,.,2,4,4,4,2,4,2,4,4,4,.,.,.,.,.,.
42,2,2,.,.,.,2,4,4,4,4,4,4,4,4,4,.,.,.,.,.,.
43,2,2,.,.,.,2,4,4,4,4,4,4,4,4,4,.,.,.,.,.,.
44,2,2,.,.,.,2,4,2,4,2,2,2,4,4,4,.,.,.,.,.,.
45,2,2,.,.,.,2,2,4,4,4,2,4,4,4,4,.,.,.,.,.,.
46,2,2,.,.,.,2,4,4,4,2,4,4,4,4,4,.,.,.,.,.,.
47,2,2,.,.,.,2,4,2,4,2,2,2,2,2,2,.,.,.,.,.,.
48,2,2,.,.,.,4,4,4,4,2,4,2,4,4,4,.,.,.,.,.,.
49,2,2,.,.,.,2,2,2,4,4,4,4,4,4,4,.,.,.,.,.,.
50,2,2,.,.,.,2,4,4,4,3,4,2,2,2,2,.,.,.,.,.,.
51,2,2,.,.,.,2,4,4,4,2,4,2,4,4,4,.,.,.,.,.,.
52,2,2,.,.,.,4,4,4,4,4,4,4,4,4,4,.,.,.,.,.,.
53,2,2,.,.,.,2,4,4,4,4,4,4,4,4,4,.,.,.,.,.,.
54,2,2,.,.,.,2,4,2,2,2,2,2,2,2,2,.,.,.,.,.,.
55,2,2,.,.,.,4,2,4,4,4,4,4,4,4,4,.,.,.,.,.,.
56,2,2,.,.,.,2,2,2,2,4,2,2,2,2,2,.,.,.,.,.,.
57,2,2,.,.,.,2,2,2,2,4,2,2,2,4,2,.,.,.,.,.,.
58,2,4,.,.,.,4,4,4,4,4,4,4,4,4,4,.,.,.,.,.,.
59,2,2,.,.,.,2,2,2,4,2,2,2,2,2,2,.,.,.,.,.,.
60,2,3,.,.,.,4,4,4,4,4,4,4,4,4,4,.,.,.,.,.,.
61,2,2,.,.,.,2,4,4,4,2,4,4,4,4,4,.,.,.,.,.,.
62,4,2,.,.,.,4,4,4,4,4,4,4,4,4,4,.,.,.,.,.,.
63,2,2,.,.,.,4,4,4,4,4,4,4,4,4,4,.,.,.,.,.,.
64,4,4,.,.,.,4,4,4,4,4,4,4,4,4,4,.,.,.,.,.,.
65,4,4,.,.,.,4,4,4,4,4,4,4,4,4,4,.,.,.,.,.,.
66,2,2,.,.,.,4,4,4,4,4,4,4,4,4,4,.,.,.,.,.,.
67,2,2,.,.,.,2,4,4,4,2,4,4,4,4,4,.,.,.,.,.,.
68,2,2,.,.,.,2,2,2,4,2,4,2,4,4,4,.,.,.,.,.,.
69,4,2,.,.,.,2,2,2,4,2,2,2,4,2,2,.,.,.,.,.,.
70,4,4,.,.,.,4,4,4,3,4,4,4,4,4,4,.,.,.,.,.,.
71,4,4,.,.,.,4,4,4,4,4,4,4,4,4,4,.,.,.,.,.,.
72,4,4,.,.,.,4,4,4,4,4,4,4,4,4,4,.,.,.,.,.,.
73,4,4,.,.,.,4,4,4,4,4,4,4,4,4,4,.,.,.,.,.,.
74,4,4,.,.,.,4,4,4,4,4,4,4,4,4,4,.,.,.,.,.,.
75,4,4,.,.,.,2,4,4,4,4,4,4,4,4,4,.,.,.,.,.,.
76,4,3,.,.,.,4,4,4,4,2,2,2,2,4,4,.,.,.,.,.,.
77,4,4,.,.,.,4,4,4,4,4,4,4,4,4,4,.,.,.,.,.,.
78,4,4,.,.,.,4,4,4,4,4,4,4,4,4,4,.,.,.,.,.,.
79,4,4,.,.,.,4,4,4,4,4,4,4,4,4,4,.,.,.,.,.,.
80,4,4,.,.,.,4,4,4,4,4,4,4,4,4,4,.,.,.,.,.,.
81,4,4,.,.,.,4,4,4,4,4,4,4,4,4,4,.,.,.,.,.,.
82,4,4,.,.,.,4,4,4,4,4,4,4,4,4,4,.,.,.,.,.,.
83,2,2,.,.,.,4,4,4,4,4,4,4,4,4,4,.,.,.,.,.,.
84,2,2,.,.,.,2,2,4,4,2,2,2,2,2,2,.,.,.,.,.,.
85,2,2,.,.,.,2,2,2,2,2,2,2,2,2,2,.,.,.,.,.,.
86,2,2,.,.,.,4,4,4,4,4,4,4,4,4,4,.,.,.,.,.,.
87,2,2,.,.,.,4,4,4,4,4,4,4,4,4,4,.,.,.,.,.,.
88,2,2,.,.,.,2,4,4,4,4,4,4,4,4,4,.,.,.,.,.,.
89,2,2,.,.,.,2,4,2,2,2,2,2,2,2,2,.,.,.,.,.,.
90,2,2,.,.,.,2,4,4,4,4,4,4,4,4,4,.,.,.,.,.,.
91,2,2,.,.,.,2,4,4,4,4,4,4,4,4,4,.,.,.,.,.,.
92,2,2,.,.,.,2,2,2,2,2,2,4,2,2,4,.,.,.,.,.,.
93,2,2,.,.,.,2,4,2,4,4,4,4,4,4,4,.,.,.,.,.,.
94,2,2,.,.,.,4,4,4,4,4,4,4,4,4,4,.,.,.,.,.,.
95,4,2,.,.,.,2,4,4,4,4,4,4,4,4,4,.,.,.,.,.,.
96,2,3,.,.,.,4,4,4,4,4,4,4,4,4,4,.,.,.,.,.,.
97,2,3,.,.,.,4,4,4,4,4,4,4,4,4,4,.,.,.,.,.,.
98,2,2,.,.,.,2,2,2,4,4,2,2,4,4,2,.,.,.,.,.,.
99,2,2,.,.,.,2,4,2,4,2,4,2,2,2,2,.,.,.,.,.,.
100,2,2,.,.,.,2,4,4,4,4,4,4,4,4,4,.,.,.,.,.,.
101,2,2,.,.,.,2,4,4,4,4,4,4,4,4,4,.,.,.,.,.,.
102,2,2,.,.,.,2,4,4,4,2,4,4,4,4,4,.,.,.,.,.,.
103,2,3,.,.,.,4,4,4,4,4,4,4,4,4,4,.,.,.,.,.,.
104,2,2,.,.,.,2,4,4,4,4,4,4,4,4,4,.,.,.,.,.,.
105,2,2,.,.,.,4,2,2,4,4,4,2,2,4,4,.,.,.,.,.,.
106,2,2,.,.,.,2,4,4,4,4,4,4,4,4,4,.,.,.,.,.,.
107,2,2,.,.,.,2,2,2,4,4,4,2,4,4,4,.,.,.,.,.,.
108,2,2,.,.,.,2,2,2,4,2,4,4,4,4,4,.,.,.,.,.,.
109,2,2,.,.,.,2,2,2,4,3,4,4,4,4,4,.,.,.,.,.,.
110,2,2,.,.,.,2,2,2,2,2,2,2,2,2,2,.,.,.,.,.,.
111,2,2,.,.,.,2,4,2,4,2,4,4,4,4,2,.,.,.,.,.,.
112,1,2,.,.,.,4,4,4,4,4,4,4,4,4,4,.,.,.,.,.,.
113,2,2,.,.,.,2,3,2,2,2,2,1,1,2,4,.,.,.,.,.,.
114,2,2,.,.,.,4,4,4,4,4,4,2,4,4,4,.,.,.,.,.,.
115,2,2,.,.,.,2,2,4,4,2,4,4,2,2,2,.,.,.,.,.,.
116,2,2,.,.,.,2,2,2,2,2,2,2,2,2,2,.,.,.,.,.,.
117,2,2,.,.,.,2,4,4,4,2,4,2,4,4,4,.,.,.,.,.,.
118,2,2,.,.,.,2,2,2,2,4,4,4,4,4,4,.,.,.,.,.,.
119,2,2,.,.,.,2,2,4,4,2,2,2,2,2,2,.,.,.,.,.,.
120,2,2,.,.,.,2,4,4,4,2,4,2,2,2,2,.,.,.,.,.,.
121,2,2,.,.,.,2,4,2,2,4,2,4,4,4,4,.,.,.,.,.,.
122,2,2,.,.,.,4,4,4,4,4,4,4,4,4,4,.,.,.,.,.,.
123,2,2,.,.,.,2,2,4,4,4,4,4,4,4,4,.,.,.,.,.,.
124,2,2,.,.,.,4,4,4,4,4,4,4,4,4,4,.,.,.,.,.,.
125,2,2,.,.,.,2,4,4,4,2,2,2,2,4,4,.,.,.,.,.,.
126,2,3,.,.,.,2,4,4,4,3,4,4,4,4,4,.,.,.,.,.,.
127,2,2,.,.,.,2,4,4,4,4,4,4,4,4,4,.,.,.,.,.,.
128,2,2,.,.,.,2,4,2,2,3,2,2,4,2,2,.,.,.,.,.,.
129,2,2,.,.,.,2,4,2,4,2,4,2,2,2,4,.,.,.,.,.,.
130,1,2,.,.,.,2,4,4,4,2,4,2,4,2,4,.,.,.,.,.,.
131,1,2,.,.,.,2,2,2,2,2,2,2,2,2,2,.,.,.,.,.,.
132,2,2,.,.,.,2,2,2,2,2,2,2,2,2,2,.,.,.,.,.,.
133,2,2,.,.,.,2,2,2,4,2,4,2,2,4,4,.,.,.,.,.,.
134,2,1,.,.,.,2,2,2,1,2,1,1,1,2,1,.,.,.,.,.,.
135,2,2,.,.,.,2,2,4,4,2,4,2,4,4,2,.,.,.,.,.,.
136,1,2,.,.,.,2,2,2,2,2,2,2,2,2,2,.,.,.,.,.,.
137,2,2,.,.,.,2,3,4,4,4,4,4,4,4,4,.,.,.,.,.,.
138,2,2,.,.,.,2,2,2,2,2,2,2,2,2,2,.,.,.,.,.,.
139,2,2,.,.,.,2,2,2,4,4,2,4,2,2,2,.,.,.,.,.,.
140,2,2,.,.,.,2,2,4,4,2,4,4,4,4,4,.,.,.,.,.,.
141,2,2,.,.,.,2,4,4,4,4,4,4,4,4,4,.,.,.,.,.,.
142,2,2,.,.,.,2,2,2,2,2,2,4,4,2,2,.,.,.,.,.,.
143,2,2,.,.,.,4,2,2,4,2,2,2,2,2,2,.,.,.,.,.,.
144,2,2,.,.,.,2,2,2,2,2,2,2,2,2,2,.,.,.,.,.,.
145,2,2,.,.,.,2,2,2,2,2,2,2,2,2,2,.,.,.,.,.,.
146,2,2,.,.,.,2,2,4,4,4,4,4,4,4,4,.,.,.,.,.,.
147,2,2,.,.,.,2,2,4,4,4,4,4,4,4,4,.,.,.,.,.,.
148,2,2,.,.,.,2,2,2,2,2,2,2,2,2,2,.,.,.,.,.,.
149,2,2,.,.,.,2,2,2,2,2,2,2,2,2,2,.,.,.,.,.,.
150,1,1,.,.,.,2,2,2,1,1,1,1,1,1,1,.,.,.,.,.,.
151,2,1,.,.,.,2,2,1,1,1,2,2,1,2,1,.,.,.,.,.,.
152,2,1,.,.,.,2,4,2,2,4,2,2,4,2,2,.,.,.,.,.,.
153,1,1,.,.,.,2,4,2,2,2,2,2,2,2,2,.,.,.,.,.,.
154,1,1,.,.,.,2,2,2,2,2,1,1,1,1,1,.,.,.,.,.,.
155,4,2,.,.,.,2,2,2,4,2,2,2,2,2,2,.,.,.,.,.,.
156,2,2,.,.,.,2,4,4,4,2,2,2,2,4,2,.,.,.,.,.,.
157,2,2,.,.,.,2,4,4,4,4,4,4,2,4,4,.,.,.,.,.,.
158,2,2,.,.,.,4,4,4,4,4,4,4,4,4,4,.,.,.,.,.,.
159,4,2,.,.,.,2,2,2,4,2,4,4,4,4,4,.,.,.,.,.,.
160,2,2,.,.,.,4,4,4,4,4,4,4,4,4,4,.,.,.,.,.,.
161,4,4,.,.,.,4,4,4,4,4,4,4,4,4,4,.,.,.,.,.,.
162,2,4,.,.,.,4,4,4,4,4,4,4,4,4,4,.,.,.,.,.,.
163,2,2,.,.,.,2,4,4,4,4,4,4,4,4,4,.,.,.,.,.,.
164,2,2,.,.,.,2,2,4,4,4,4,4,4,4,4,.,.,.,.,.,.
165,2,2,.,.,.,2,4,4,4,4,4,4,4,4,4,.,.,.,.,.,.
166,2,2,.,.,.,2,4,4,4,2,4,2,4,4,4,.,.,.,.,.,.
167,2,2,.,.,.,2,4,4,4,2,2,2,2,2,2,.,.,.,.,.,.
168,2,2,.,.,.,2,4,2,4,4,4,4,4,4,4,.,.,.,.,.,.
169,2,2,.,.,.,4,4,4,4,4,4,4,4,4,4,.,.,.,.,.,.
170,2,2,.,.,.,2,4,4,4,2,4,4,4,4,4,.,.,.,.,.,.
171,2,2,.,.,.,4,4,4,4,4,4,4,4,4,4,.,.,.,.,.,.
172,2,2,.,.,.,4,2,4,4,4,4,4,4,4,4,.,.,.,.,.,.
173,4,2,.,.,.,2,4,4,4,2,4,2,4,4,4,.,.,.,.,.,.
174,4,4,.,.,.,2,4,4,4,4,4,4,4,4,4,.,.,.,.,.,.
175,4,4,.,.,.,4,4,4,4,4,4,4,4,4,4,.,.,.,.,.,.
176,4,4,.,.,.,4,4,4,4,4,4,4,4,4,4,.,.,.,.,.,.
177,2,3,.,.,.,4,4,2,4,4,4,4,4,4,4,.,.,.,.,.,.
178,2,2,.,.,.,2,2,2,4,2,4,4,4,4,4,.,.,.,.,.,.
179,2,2,.,.,.,2,2,4,4,4,4,4,4,4,4,.,.,.,.,.,.
180,2,2,.,.,.,4,4,4,4,4,4,4,4,4,4,.,.,.,.,.,.
181,2,2,.,.,.,2,4,2,4,4,4,2,2,2,2,.,.,.,.,.,.
182,2,2,.,.,.,2,4,4,4,4,4,4,4,4,4,.,.,.,.,.,.
183,2,2,.,.,.,2,4,4,4,4,4,4,4,4,4,.,.,.,.,.,.
184,2,2,.,.,.,2,2,2,4,2,3,3,3,3,3,.,.,.,.,.,.
185,2,2,.,.,.,2,4,4,4,2,4,4,4,4,4,.,.,.,.,.,.
186,2,3,.,.,.,4,3,4,4,4,4,4,4,4,4,.,.,.,.,.,.
187,2,2,.,.,.,2,2,2,2,2,2,2,2,2,2,.,.,.,.,.,.
188,2,2,.,.,.,2,2,2,2,2,2,2,2,2,2,.,.,.,.,.,.
189,2,2,.,.,.,2,2,2,2,2,2,2,2,2,1,.,.,.,.,.,.
190,2,2,.,.,.,2,3,2,2,2,2,2,2,2,2,.,.,.,.,.,.
191,2,2,.,.,.,2,2,2,2,4,4,4,4,4,4,.,.,.,.,.,.
192,2,2,.,.,.,2,4,4,4,2,2,2,2,2,2,.,.,.,.,.,.
193,2,2,.,.,.,2,2,2,1,2,3,1,2,2,2,.,.,.,.,.,.
194,2,2,.,.,.,2,2,2,2,2,2,2,2,2,2,.,.,.,.,.,.
195,2,2,.,.,.,2,2,2,2,2,2,2,2,2,2,.,.,.,.,.,.
196,1,1,.,.,.,2,4,2,1,2,2,2,2,2,1,.,.,.,.,.,.
197,1,1,.,.,.,2,2,1,1,1,1,1,1,1,1,.,.,.,.,.,.
198,1,1,.,.,.,2,2,1,1,1,1,1,1,1,1,.,.,.,.,.,.
199,1,1,.,.,.,2,2,1,1,1,1,1,1,1,1,.,.,.,.,.,.
200,1,1,.,.,.,2,2,2,1,1,2,2,1,1,1,.,.,.,.,.,.
201,1,1,.,.,.,2,2,2,2,2,1,1,1,1,1,.,.,.,.,.,.
202,1,1,.,.,.,2,2,2,2,1,4,2,1,4,1,.,.,.,.,.,.
203,1,1,.,.,.,2,2,1,1,2,1,2,2,1,1,.,.,.,.,.,.
204,1,1,.,.,.,2,2,1,1,2,1,2,1,1,1,.,.,.,.,.,.
205,1,2,.,.,.,2,4,4,2,4,4,4,4,2,4,.,.,.,.,.,.
206,1,1,.,.,.,2,2,2,1,4,2,1,2,4,4,.,.,.,.,.,.
207,1,1,.,.,.,2,2,2,1,2,1,2,1,1,1,.,.,.,.,.,.
208,1,1,.,.,.,2,4,4,4,4,1,1,1,1,1,.,.,.,.,.,.
209,1,2,.,.,.,2,4,2,2,4,4,4,4,4,4,.,.,.,.,.,.
210,2,1,.,.,.,2,2,2,1,2,1,1,2,1,2,.,.,.,.,.,.
211,1,1,.,.,.,2,2,2,1,1,1,1,1,1,1,.,.,.,.,.,.
212,1,1,.,.,.,2,2,2,1,2,2,2,2,1,2,.,.,.,.,.,.
213,1,1,.,.,.,2,4,1,1,4,4,4,4,1,1,.,.,.,.,.,.
214,1,1,.,.,.,2,2,2,1,2,3,1,1,2,2,.,.,.,.,.,.
215,1,1,.,.,.,2,2,2,2,2,2,1,1,1,1,.,.,.,.,.,.
216,1,1,.,.,.,2,2,2,1,1,1,1,1,1,1,.,.,.,.,.,.
217,1,1,.,.,.,2,1,2,2,2,2,1,2,2,2,.,.,.,.,.,.
218,1,1,.,.,.,2,2,2,1,1,1,1,1,1,1,.,.,.,.,.,.
219,1,1,.,.,.,2,2,1,1,1,1,1,1,1,1,.,.,.,.,.,.
220,1,1,.,.,.,2,2,2,1,1,1,1,1,1,1,.,.,.,.,.,.
221,1,1,.,.,.,2,2,2,2,2,1,1,1,1,1,.,.,.,.,.,.
222,1,1,.,.,.,2,2,2,2,1,2,1,2,2,2,.,.,.,.,.,.
223,1,1,.,.,.,2,2,1,1,1,1,1,1,1,1,.,.,.,.,.,.
224,1,1,.,.,.,2,2,1,1,1,1,1,1,1,1,.,.,.,.,.,.
225,1,1,.,.,.,2,2,2,1,1,1,1,1,1,1,.,.,.,.,.,.
226,1,1,.,.,.,2,1,2,2,1,1,4,1,1,1,.,.,.,.,.,.
227,1,1,.,.,.,2,1,1,1,1,1,1,1,1,1,.,.,.,.,.,.
228,1,1,.,.,.,2,4,4,4,4,1,4,1,4,1,.,.,.,.,.,.
229,1,1,.,.,.,2,2,2,2,2,2,1,2,2,1,.,.,.,.,.,.
230,1,1,.,.,.,2,1,2,2,1,2,1,1,2,2,.,.,.,.,.,.
231,1,1,.,.,.,2,2,2,2,1,2,2,2,2,2,.,.,.,.,.,.
232,1,1,.,.,.,2,2,1,1,2,1,1,1,1,1,.,.,.,.,.,.
233,1,1,.,.,.,2,4,2,4,4,4,4,4,4,4,.,.,.,.,.,.
234,2,2,.,.,.,2,2,2,2,2,2,2,2,2,2,.,.,.,.,.,.
235,2,2,.,.,.,4,4,4,4,4,4,4,4,4,4,.,.,.,.,.,.
236,2,2,.,.,.,4,4,2,4,4,4,4,4,4,4,.,.,.,.,.,.
237,2,2,.,.,.,2,4,4,4,2,4,2,2,2,2,.,.,.,.,.,.
238,2,2,.,.,.,2,3,4,4,2,4,2,4,4,4,.,.,.,.,.,.
239,2,2,.,.,.,2,4,2,4,2,4,4,4,4,4,.,.,.,.,.,.
240,2,2,.,.,.,2,4,2,4,2,2,2,2,2,2,.,.,.,.,.,.
241,2,3,.,.,.,2,2,2,4,2,2,2,2,2,4,.,.,.,.,.,.
242,2,2,.,.,.,4,4,4,4,4,4,4,2,2,2,.,.,.,.,.,.
243,2,2,.,.,.,2,2,2,4,2,4,2,2,2,2,.,.,.,.,.,.
244,2,2,.,.,.,2,4,2,4,2,4,4,4,4,4,.,.,.,.,.,.
245,2,2,.,.,.,2,2,2,2,2,2,2,2,2,2,.,.,.,.,.,.
246,2,3,.,.,.,2,2,2,3,2,2,2,2,2,2,.,.,.,.,.,.
247,3,3,.,.,.,2,3,2,2,2,2,2,2,2,2,.,.,.,.,.,.
248,3,2,.,.,.,4,4,4,4,4,4,2,2,2,2,.,.,.,.,.,.
249,3,3,.,.,.,2,4,4,4,4,4,4,4,4,4,.,.,.,.,.,.
250,3,3,.,.,.,4,3,4,4,4,4,4,4,4,4,.,.,.,.,.,.
251,3,3,.,.,.,4,4,4,4,4,4,4,4,4,4,.,.,.,.,.,.
252,3,3,.,.,.,4,4,4,4,4,4,4,4,4,4,.,.,.,.,.,.
253,3,3,.,.,.,4,4,4,4,4,4,4,4,4,4,.,.,.,.,.,.
254,3,3,.,.,.,4,4,4,4,4,4,4,4,4,4,.,.,.,.,.,.
255,3,3,.,.,.,4,4,4,4,4,4,4,4,4,4,.,.,.,.,.,.
256,3,3,.,.,.,4,4,4,4,4,4,4,4,4,4,.,.,.,.,.,.
257,3,3,.,.,.,4,4,4,4,4,4,4,4,4,4,.,.,.,.,.,.
258,3,3,.,.,.,4,4,4,4,4,4,4,4,4,4,.,.,.,.,.,.
259,3,3,.,.,.,4,4,4,2,4,4,4,4,4,4,.,.,.,.,.,.
260,3,3,.,.,.,4,4,2,2,4,2,4,4,4,4,.,.,.,.,.,.
261,3,3,.,.,.,4,4,4,4,4,4,4,4,4,4,.,.,.,.,.,.
262,3,3,.,.,.,4,2,2,2,4,4,2,4,4,4,.,.,.,.,.,.
263,3,3,.,.,.,4,4,4,4,4,4,4,4,4,4,.,.,.,.,.,.
264,3,3,.,.,.,4,4,4,4,4,4,4,4,4,4,.,.,.,.,.,.
265,3,3,.,.,.,4,4,4,4,4,4,4,4,4,4,.,.,.,.,.,.
266,3,3,.,.,.,4,4,4,3,4,4,4,4,4,4,.,.,.,.,.,.
267,3,3,.,.,.,4,4,4,4,4,4,4,4,4,4,.,.,.,.,.,.
268,3,3,.,.,.,4,4,4,4,4,4,4,4,4,4,.,.,.,.,.,.
269,3,3,.,.,.,4,4,4,4,4,4,4,4,4,4,.,.,.,.,.,.
270,3,3,.,.,.,4,4,4,4,4,4,4,4,4,4,.,.,.,.,.,.
271,3,3,.,.,.,4,4,4,4,4,4,4,4,4,4,.,.,.,.,.,.
272,3,3,.,.,.,4,4,4,4,4,4,4,4,4,4,.,.,.,.,.,.
273,3,3,.,.,.,4,4,4,4,4,4,4,4,4,4,.,.,.,.,.,.
274,3,2,.,.,.,4,4,4,4,4,4,4,4,4,4,.,.,.,.,.,.
275,3,3,.,.,.,4,4,4,4,4,4,4,4,4,4,.,.,.,.,.,.
276,3,3,.,.,.,4,4,4,4,4,4,4,4,4,4,.,.,.,.,.,.
277,3,3,.,.,.,4,4,4,4,4,4,4,4,4,4,.,.,.,.,.,.
278,3,3,.,.,.,4,4,4,4,4,4,4,4,4,4,.,.,.,.,.,.
279,3,3,.,.,.,4,4,4,4,4,4,4,4,4,4,.,.,.,.,.,.
280,3,3,.,.,.,4,4,4,4,4,4,4,4,4,4,.,.,.,.,.,.
281,3,3,.,.,.,4,4,4,4,4,4,4,4,4,4,.,.,.,.,.,.
282,3,3,.,.,.,4,4,4,4,4,4,4,4,4,4,.,.,.,.,.,.
283,3,3,.,.,.,4,4,4,4,4,4,4,4,4,4,.,.,.,.,.,.
284,3,3,.,.,.,4,3,4,4,4,4,4,4,4,4,.,.,.,.,.,.
285,3,3,.,.,.,4,4,4,2,4,4,4,4,4,4,.,.,.,.,.,.
286,3,3,.,.,.,4,4,4,4,4,4,4,4,4,4,.,.,.,.,.,.
287,3,3,.,.,.,4,4,4,4,4,4,4,4,4,4,.,.,.,.,.,.
288,3,3,.,.,.,4,4,4,4,4,4,4,4,4,4,.,.,.,.,.,.
289,3,3,.,.,.,4,4,4,3,4,4,4,4,4,4,.,.,.,.,.,.
290,3,3,.,.,.,4,3,4,4,4,4,4,4,4,4,.,.,.,.,.,.
291,3,3,.,.,.,4,4,4,2,4,4,4,4,4,4,.,.,.,.,.,.
292,3,3,.,.,.,4,4,4,4,4,4,4,4,4,4,.,.,.,.,.,.
293,3,3,.,.,.,4,4,4,4,4,4,4,4,4,4,.,.,.,.,.,.
294,3,3,.,.,.,4,4,4,4,4,4,4,4,4,4,.,.,.,.,.,.
295,3,3,.,.,.,4,4,4,4,4,4,4,4,4,4,.,.,.,.,.,.
296,3,3,.,.,.,4,4,4,4,4,4,4,4,4,4,.,.,.,.,.,.
297,3,3,.,.,.,4,4,4,4,4,4,4,4,4,4,.,.,.,.,.,.
298,3,3,.,.,.,4,4,4,2,4,4,4,4,4,4,.,.,.,.,.,.
299,3,3,.,.,.,2,4,4,4,4,4,4,4,4,4,.,.,.,.,.,.
300,3,3,.,.,.,4,4,4,2,4,4,4,4,4,4,.,.,.,.,.,.
301,3,3,.,.,.,4,4,4,3,4,4,4,4,4,4,.,.,.,.,.,.
302,3,3,.,.,.,4,4,4,4,4,4,4,4,4,4,.,.,.,.,.,.
303,2,3,.,.,.,4,4,4,4,4,4,4,4,4,4,.,.,.,.,.,.
304,3,3,.,.,.,4,4,4,2,4,4,4,4,4,4,.,.,.,.,.,.
305,3,3,.,.,.,4,4,4,4,4,4,4,4,4,4,.,.,.,.,.,.
306,3,3,.,.,.,4,4,4,4,4,4,4,4,4,4,.,.,.,.,.,.
307,4,2,.,.,.,4,4,4,4,4,4,4,4,4,4,.,.,.,.,.,.
308,4,2,.,.,.,4,4,4,4,4,4,4,4,4,4,.,.,.,.,.,.
309,4,4,.,.,.,4,4,4,4,4,4,4,4,4,4,.,.,.,.,.,.
310,2,3,.,.,.,4,4,4,4,4,4,4,4,4,4,.,.,.,.,.,.
311,2,2,.,.,.,2,4,2,4,4,4,4,4,4,4,.,.,.,.,.,.
312,2,2,.,.,.,2,4,4,4,4,4,4,4,4,4,.,.,.,.,.,.
313,2,2,.,.,.,2,4,4,4,4,4,4,4,4,4,.,.,.,.,.,.
314,2,2,.,.,.,2,4,4,4,4,4,4,4,4,4,.,.,.,.,.,.
315,2,2,.,.,.,2,4,4,4,4,4,4,4,4,4,.,.,.,.,.,.
316,2,2,.,.,.,2,4,4,4,4,4,4,4,4,2,.,.,.,.,.,.
317,2,2,.,.,.,4,4,4,4,4,4,4,4,4,4,.,.,.,.,.,.
318,2,2,.,.,.,4,4,4,4,4,4,4,4,4,4,.,.,.,.,.,.
319,2,2,.,.,.,4,4,4,4,4,4,4,4,4,4,.,.,.,.,.,.
320,2,2,.,.,.,4,4,2,4,4,2,2,2,2,2,.,.,.,.,.,.
321,2,2,.,.,.,4,4,4,4,4,4,4,4,4,4,.,.,.,.,.,.
322,2,2,.,.,.,4,4,4,4,4,4,4,4,4,4,.,.,.,.,.,.
323,2,2,.,.,.,4,4,4,4,4,4,4,4,4,4,.,.,.,.,.,.
324,2,2,.,.,.,4,4,4,4,4,4,4,4,4,4,.,.,.,.,.,.
325,2,2,.,.,.,4,4,4,4,4,4,4,4,4,4,.,.,.,.,.,.
326,2,2,.,.,.,2,4,2,2,2,2,2,2,2,2,.,.,.,.,.,.
327,2,2,.,.,.,4,4,4,4,4,4,4,4,4,4,.,.,.,.,.,.
328,2,2,.,.,.,2,4,4,4,3,4,4,4,4,4,.,.,.,.,.,.
329,2,2,.,.,.,2,2,4,4,2,4,4,4,4,4,.,.,.,.,.,.
330,2,2,.,.,.,4,4,4,4,4,4,4,2,4,4,.,.,.,.,.,.
331,2,2,.,.,.,2,2,4,4,4,4,4,4,4,4,.,.,.,.,.,.
332,2,2,.,.,.,4,2,4,4,2,4,2,4,2,4,.,.,.,.,.,.
333,2,2,.,.,.,2,4,2,2,2,4,4,4,4,4,.,.,.,.,.,.
334,2,2,.,.,.,2,2,4,4,4,4,4,4,4,4,.,.,.,.,.,.
335,2,2,.,.,.,2,4,4,4,2,4,2,2,4,2,.,.,.,.,.,.
336,2,2,.,.,.,2,3,4,4,2,2,2,2,2,2,.,.,.,.,.,.
337,2,2,.,.,.,2,2,2,4,2,2,2,2,2,2,.,.,.,.,.,.
338,2,2,.,.,.,2,4,4,4,2,4,4,4,4,4,.,.,.,.,.,.
339,2,2,.,.,.,2,4,2,2,2,2,2,2,2,2,.,.,.,.,.,.
340,2,2,.,.,.,2,2,4,4,2,4,4,2,2,2,.,.,.,.,.,.
341,2,2,.,.,.,2,2,2,2,2,2,2,2,2,2,.,.,.,.,.,.
342,2,2,.,.,.,2,2,2,2,2,2,2,2,2,2,.,.,.,.,.,.
343,2,2,.,.,.,2,2,2,4,4,4,2,2,2,4,.,.,.,.,.,.
344,2,2,.,.,.,2,2,2,4,2,4,4,4,4,4,.,.,.,.,.,.
345,2,2,.,.,.,2,2,4,4,4,4,4,4,4,4,.,.,.,.,.,.
346,2,2,.,.,.,2,2,4,4,4,4,4,4,4,4,.,.,.,.,.,.
347,2,2,.,.,.,2,4,2,2,2,2,2,2,2,2,.,.,.,.,.,.
348,2,2,.,.,.,2,2,2,2,2,2,4,4,2,4,.,.,.,.,.,.
349,2,2,.,.,.,2,2,2,4,4,2,2,2,2,2,.,.,.,.,.,.
350,2,2,.,.,.,2,2,2,4,2,2,2,2,2,2,.,.,.,.,.,.
351,2,2,.,.,.,2,2,2,2,2,2,2,2,2,2,.,.,.,.,.,.
352,2,2,.,.,.,2,4,2,2,2,2,2,2,2,2,.,.,.,.,.,.
353,2,1,.,.,.,2,2,2,2,2,2,2,2,2,2,.,.,.,.,.,.
354,2,1,.,.,.,2,2,2,2,1,2,1,2,2,1,.,.,.,.,.,.
355,2,2,.,.,.,2,4,2,2,2,2,2,4,4,4,.,.,.,.,.,.
356,1,1,.,.,.,2,4,2,2,2,2,2,2,2,2,.,.,.,.,.,.
357,2,2,.,.,.,2,4,2,2,2,2,2,2,2,2,.,.,.,.,.,.
358,2,1,.,.,.,2,2,2,2,2,2,2,2,2,2,.,.,.,.,.,.
359,2,2,.,.,.,2,2,2,2,2,2,2,2,2,2,.,.,.,.,.,.
360,2,2,.,.,.,2,2,2,2,2,2,2,2,2,2,.,.,.,.,.,.
361,1,1,.,.,.,2,2,2,2,2,2,2,2,2,2,.,.,.,.,.,.
362,2,1,.,.,.,2,4,2,1,4,4,4,2,4,2,.,.,.,.,.,.
363,2,1,.,.,.,2,2,2,2,2,2,2,2,2,4,.,.,.,.,.,.
364,1,1,.,.,.,2,2,2,1,4,4,4,4,4,2,.,.,.,.,.,.
365,1,1,.,.,.,2,2,2,2,1,2,1,1,1,1,.,.,.,.,.,.
366,1,1,.,.,.,2,2,2,2,1,1,1,1,1,1,.,.,.,.,.,.
367,1,1,.,.,.,2,2,2,2,1,4,2,2,2,2,.,.,.,.,.,.
368,1,1,.,.,.,2,2,2,1,1,1,1,1,1,1,.,.,.,.,.,.
369,1,1,.,.,.,2,2,2,2,2,2,2,2,2,2,.,.,.,.,.,.
370,1,1,.,.,.,2,2,2,2,4,2,4,2,1,4,.,.,.,.,.,.
371,1,1,.,.,.,2,2,1,1,1,1,1,1,1,1,.,.,.,.,.,.
372,1,1,.,.,.,2,4,1,1,4,4,4,1,1,4,.,.,.,.,.,.
373,1,1,.,.,.,2,2,2,1,2,1,2,1,1,1,.,.,.,.,.,.
374,1,1,.,.,.,2,4,1,1,1,1,1,1,1,2,.,.,.,.,.,.
375,2,1,.,.,.,2,2,2,1,2,1,1,1,1,1,.,.,.,.,.,.
376,1,1,.,.,.,2,2,2,2,2,2,2,2,1,2,.,.,.,.,.,.
377,1,1,.,.,.,2,2,1,1,1,1,1,1,1,1,.,.,.,.,.,.
378,1,1,.,.,.,2,2,1,1,2,1,1,1,1,1,.,.,.,.,.,.
379,1,1,.,.,.,2,2,2,2,2,1,1,2,1,1,.,.,.,.,.,.
380,1,1,.,.,.,2,4,2,4,4,4,4,4,4,4,.,.,.,.,.,.
381,1,1,.,.,.,2,4,2,4,4,4,2,4,2,2,.,.,.,.,.,.
382,1,1,.,.,.,2,2,2,2,2,2,2,2,2,2,.,.,.,.,.,.
383,1,1,.,.,.,2,4,2,4,2,4,4,4,4,4,.,.,.,.,.,.
384,1,1,.,.,.,2,4,1,1,2,4,4,4,1,1,.,.,.,.,.,.
385,2,1,.,.,.,2,2,2,1,1,2,1,2,2,2,.,.,.,.,.,.
386,1,1,.,.,.,2,2,2,2,2,2,1,1,1,1,.,.,.,.,.,.
387,2,1,.,.,.,2,4,2,2,1,2,2,4,2,2,.,.,.,.,.,.
388,2,2,.,.,.,2,4,2,4,4,2,4,2,4,4,.,.,.,.,.,.
389,2,2,.,.,.,2,2,2,2,2,2,2,2,2,4,.,.,.,.,.,.
390,2,2,.,.,.,4,4,4,4,4,4,4,4,4,4,.,.,.,.,.,.
391,2,2,.,.,.,4,2,4,4,4,4,4,2,4,4,.,.,.,.,.,.
392,2,2,.,.,.,2,2,2,2,2,2,2,2,2,2,.,.,.,.,.,.
393,4,2,.,.,.,2,4,4,4,2,4,4,4,4,4,.,.,.,.,.,.
394,4,2,.,.,.,4,4,4,4,4,4,4,4,4,4,.,.,.,.,.,.
395,4,4,.,.,.,4,4,4,3,4,4,4,4,4,4,.,.,.,.,.,.
396,4,4,.,.,.,4,4,4,4,4,4,4,4,4,4,.,.,.,.,.,.
397,4,2,.,.,.,4,4,4,4,4,4,4,4,4,4,.,.,.,.,.,.
398,2,3,.,.,.,4,4,2,4,4,4,4,4,4,4,.,.,.,.,.,.
399,2,2,.,.,.,2,4,4,4,2,4,4,2,4,4,.,.,.,.,.,.
400,2,2,.,.,.,2,4,4,4,4,4,4,4,4,4,.,.,.,.,.,.
401,2,2,.,.,.,2,2,2,4,4,4,2,2,2,2,.,.,.,.,.,.
402,2,2,.,.,.,2,4,2,4,3,2,2,3,3,2,.,.,.,.,.,.
403,2,2,.,.,.,4,4,4,4,2,4,2,4,4,4,.,.,.,.,.,.
404,2,2,.,.,.,2,4,4,4,4,4,4,4,4,4,.,.,.,.,.,.
405,2,2,.,.,.,2,4,2,2,2,2,2,2,2,2,.,.,.,.,.,.
406,2,2,.,.,.,2,2,2,4,2,4,4,4,4,4,.,.,.,.,.,.
407,2,2,.,.,.,2,4,4,4,4,4,4,4,4,4,.,.,.,.,.,.
408,4,3,.,.,.,4,4,4,4,4,4,4,4,4,4,.,.,.,.,.,.
409,2,2,.,.,.,4,4,4,4,4,4,4,4,4,4,.,.,.,.,.,.
410,2,2,.,.,.,2,2,4,4,4,2,4,2,4,4,.,.,.,.,.,.
411,2,2,.,.,.,2,2,4,4,2,4,4,4,4,4,.,.,.,.,.,.
412,2,2,.,.,.,4,4,2,4,4,4,4,4,4,4,.,.,.,.,.,.
413,2,2,.,.,.,2,4,4,4,4,4,4,4,4,4,.,.,.,.,.,.
414,2,2,.,.,.,2,2,2,2,4,4,4,4,4,4,.,.,.,.,.,.
415,2,2,.,.,.,2,2,2,2,2,2,2,2,2,2,.,.,.,.,.,.
416,2,2,.,.,.,2,4,4,4,4,4,2,4,4,4,.,.,.,.,.,.
417,2,2,.,.,.,2,4,4,4,4,4,4,4,4,4,.,.,.,.,.,.
418,2,2,.,.,.,2,4,4,4,4,4,4,4,4,4,.,.,.,.,.,.
419,2,2,.,.,.,2,4,4,4,4,4,4,4,4,4,.,.,.,.,.,.
420,2,2,.,.,.,2,4,4,4,4,4,4,4,4,4,.,.,.,.,.,.
421,2,2,.,.,.,4,4,4,4,4,4,2,2,2,4,.,.,.,.,.,.
422,2,2,.,.,.,2,2,4,4,2,4,4,4,4,4,.,.,.,.,.,.
423,2,2,.,.,.,2,4,4,4,4,4,4,4,4,4,.,.,.,.,.,.
424,2,3,.,.,.,4,4,4,4,4,4,4,4,4,4,.,.,.,.,.,.
425,2,2,.,.,.,2,2,2,4,2,2,4,4,4,4,.,.,.,.,.,.
426,2,2,.,.,.,2,2,2,2,2,2,2,2,2,2,.,.,.,.,.,.
427,2,2,.,.,.,2,2,4,4,4,4,2,4,4,4,.,.,.,.,.,.
428,2,2,.,.,.,4,4,2,4,2,4,4,2,2,2,.,.,.,.,.,.
429,2,2,.,.,.,2,4,4,4,4,4,4,4,4,4,.,.,.,.,.,.
430,2,2,.,.,.,2,2,4,4,2,4,2,4,4,4,.,.,.,.,.,.
431,2,2,.,.,.,4,4,4,4,2,2,2,2,2,2,.,.,.,.,.,.
432,2,2,.,.,.,2,4,2,4,4,4,4,2,2,2,.,.,.,.,.,.
433,2,2,.,.,.,2,4,4,4,4,4,4,4,4,4,.,.,.,.,.,.
434,2,2,.,.,.,2,4,4,2,2,2,2,2,2,2,.,.,.,.,.,.
435,2,2,.,.,.,4,2,4,4,2,2,2,2,2,2,.,.,.,.,.,.
436,2,2,.,.,.,2,2,4,4,4,4,2,4,4,4,.,.,.,.,.,.
437,2,2,.,.,.,2,3,4,4,4,4,2,4,4,4,.,.,.,.,.,.
438,2,2,.,.,.,2,2,2,4,4,4,4,4,4,4,.,.,.,.,.,.
439,2,2,.,.,.,2,4,4,4,4,4,4,4,4,4,.,.,.,.,.,.
440,2,2,.,.,.,2,2,2,2,2,2,2,2,2,2,.,.,.,.,.,.
441,2,2,.,.,.,2,2,4,4,2,4,4,4,4,4,.,.,.,.,.,.
442,2,2,.,.,.,2,4,4,4,4,4,4,4,4,4,.,.,.,.,.,.
443,2,2,.,.,.,4,4,4,4,4,4,2,4,4,4,.,.,.,.,.,.
444,4,2,.,.,.,4,4,4,4,4,4,4,4,4,4,.,.,.,.,.,.
445,4,4,.,.,.,4,4,4,4,4,4,4,4,4,4,.,.,.,.,.,.
446,4,4,.,.,.,4,4,4,4,4,4,4,4,4,4,.,.,.,.,.,.
447,4,4,.,.,.,2,4,4,4,4,4,4,4,4,4,.,.,.,.,.,.
448,4,2,.,.,.,4,4,4,4,4,4,4,4,4,4,.,.,.,.,.,.
449,2,2,.,.,.,4,4,4,4,4,4,4,4,4,4,.,.,.,.,.,.
450,2,2,.,.,.,2,4,2,4,4,4,4,4,4,4,.,.,.,.,.,.
451,2,2,.,.,.,3,3,2,2,3,2,2,2,2,2,.,.,.,.,.,.
452,4,2,.,.,.,4,4,4,4,4,4,4,4,4,4,.,.,.,.,.,.
453,2,2,.,.,.,4,4,4,4,4,4,4,4,4,4,.,.,.,.,.,.
454,2,2,.,.,.,2,4,4,4,4,4,4,4,4,4,.,.,.,.,.,.
455,2,2,.,.,.,2,2,2,4,3,4,2,2,2,2,.,.,.,.,.,.
456,2,2,.,.,.,2,4,4,4,2,4,4,4,4,4,.,.,.,.,.,.
457,4,2,.,.,.,4,4,2,4,4,4,4,2,4,4,.,.,.,.,.,.
458,2,2,.,.,.,4,4,4,4,4,4,4,4,4,4,.,.,.,.,.,.
459,4,4,.,.,.,4,4,4,4,4,4,4,4,4,4,.,.,.,.,.,.
460,2,3,.,.,.,4,4,4,4,4,4,4,4,4,4,.,.,.,.,.,.
461,2,2,.,.,.,2,4,4,4,4,4,4,4,4,4,.,.,.,.,.,.
462,2,2,.,.,.,2,2,2,4,4,4,4,4,4,4,.,.,.,.,.,.
463,2,2,.,.,.,2,2,4,4,4,4,4,4,4,4,.,.,.,.,.,.
464,2,2,.,.,.,2,4,4,4,4,4,4,4,4,4,.,.,.,.,.,.
465,2,2,.,.,.,4,4,4,4,2,4,2,3,2,2,.,.,.,.,.,.
466,2,2,.,.,.,2,2,2,2,2,2,2,2,2,2,.,.,.,.,.,.
467,2,2,.,.,.,4,4,4,4,4,4,4,4,4,4,.,.,.,.,.,.
468,2,2,.,.,.,2,4,4,4,4,4,4,4,4,4,.,.,.,.,.,.
469,2,2,.,.,.,4,4,4,4,4,4,4,4,4,4,.,.,.,.,.,.
470,2,2,.,.,.,2,4,4,4,2,4,2,3,4,4,.,.,.,.,.,.
471,2,2,.,.,.,2,2,2,2,2,2,2,2,2,2,.,.,.,.,.,.
472,2,2,.,.,.,2,2,2,2,2,2,2,2,2,2,.,.,.,.,.,.
473,2,2,.,.,.,2,4,4,4,3,4,2,2,2,4,.,.,.,.,.,.
474,2,2,.,.,.,2,2,2,2,4,2,2,2,2,2,.,.,.,.,.,.
475,2,2,.,.,.,2,2,2,2,2,2,2,2,2,2,.,.,.,.,.,.
476,2,2,.,.,.,2,3,2,2,2,2,2,2,2,2,.,.,.,.,.,.
477,2,2,.,.,.,2,2,2,2,2,3,3,2,2,2,.,.,.,.,.,.
478,2,2,.,.,.,2,4,4,4,2,4,4,4,4,4,.,.,.,.,.,.
479,2,2,.,.,.,4,2,2,2,2,2,2,2,2,2,.,.,.,.,.,.
480,2,2,.,.,.,2,4,4,4,2,4,2,4,4,4,.,.,.,.,.,.
481,2,2,.,.,.,4,4,4,4,4,4,4,4,4,4,.,.,.,.,.,.
482,2,2,.,.,.,2,4,4,4,4,2,2,4,4,4,.,.,.,.,.,.
483,1,2,.,.,.,2,4,2,2,2,2,2,2,2,2,.,.,.,.,.,.
484,2,2,.,.,.,2,2,4,4,2,4,4,4,4,4,.,.,.,.,.,.
485,2,2,.,.,.,2,2,2,4,2,2,2,4,1,4,.,.,.,.,.,.
486,2,2,.,.,.,2,4,4,4,4,4,4,4,4,4,.,.,.,.,.,.
487,2,2,.,.,.,2,2,4,2,4,4,4,4,4,4,.,.,.,.,.,.
488,2,2,.,.,.,2,4,2,4,2,2,2,2,2,2,.,.,.,.,.,.
489,2,2,.,.,.,2,4,4,4,2,2,2,2,4,2,.,.,.,.,.,.
490,2,2,.,.,.,2,2,2,2,2,2,2,2,2,2,.,.,.,.,.,.
491,2,1,.,.,.,2,2,2,2,2,1,1,1,1,1,.,.,.,.,.,.
492,2,2,.,.,.,2,2,2,2,4,2,4,4,2,2,.,.,.,.,.,.
493,2,2,.,.,.,2,2,2,4,2,4,2,4,4,4,.,.,.,.,.,.
494,2,2,.,.,.,2,2,2,2,2,2,2,2,2,2,.,.,.,.,.,.
495,2,1,.,.,.,2,2,2,2,2,2,2,2,2,2,.,.,.,.,.,.
496,1,2,.,.,.,2,2,2,2,2,2,2,2,2,2,.,.,.,.,.,.
497,2,2,.,.,.,2,2,4,2,2,2,2,2,2,2,.,.,.,.,.,.
498,2,2,.,.,.,2,2,2,2,2,2,2,2,2,2,.,.,.,.,.,.
499,2,2,.,.,.,2,4,4,4,4,4,4,4,4,4,.,.,.,.,.,.
500,2,2,.,.,.,2,4,4,4,4,2,4,4,4,4,.,.,.,.,.,.
501,2,2,.,.,.,2,2,4,4,4,4,2,4,4,4,.,.,.,.,.,.
502,2,2,.,.,.,2,2,2,4,2,2,2,2,2,2,.,.,.,.,.,.
503,2,1,.,.,.,2,4,2,2,2,2,2,2,2,2,.,.,.,.,.,.
504,4,4,.,.,.,4,4,4,4,4,4,4,4,4,4,.,.,.,.,.,.
505,3,3,.,.,.,4,4,4,4,4,4,4,4,4,4,.,.,.,.,.,.
506,2,2,.,.,.,2,4,2,4,2,2,2,2,2,2,.,.,.,.,.,.
507,2,2,.,.,.,2,2,2,2,2,2,2,2,2,2,.,.,.,.,.,.
508,2,2,.,.,.,2,4,2,4,2,4,2,2,4,2,.,.,.,.,.,.
509,2,2,.,.,.,2,2,2,4,4,4,4,4,4,4,.,.,.,.,.,.
510,2,2,.,.,.,4,4,4,4,2,4,4,4,4,4,.,.,.,.,.,.
511,2,2,.,.,.,2,2,4,4,4,4,4,4,4,4,.,.,.,.,.,.
512,2,2,.,.,.,4,4,4,4,4,4,4,4,4,4,.,.,.,.,.,.
513,2,3,.,.,.,4,4,4,4,4,4,4,4,4,4,.,.,.,.,.,.
514,2,2,.,.,.,2,2,2,4,4,4,2,4,4,4,.,.,.,.,.,.
515,2,3,.,.,.,2,2,2,4,2,3,2,2,2,2,.,.,.,.,.,.
516,2,2,.,.,.,3,3,4,4,3,4,4,4,4,4,.,.,.,.,.,.
517,2,2,.,.,.,2,2,2,4,2,4,2,2,2,2,.,.,.,.,.,.
518,2,2,.,.,.,2,4,2,2,2,2,2,2,2,2,.,.,.,.,.,.
519,2,2,.,.,.,2,3,2,2,2,2,2,2,2,2,.,.,.,.,.,.
520,1,2,.,.,.,2,3,2,2,2,1,1,1,1,1,.,.,.,.,.,.
521,2,2,.,.,.,2,2,2,2,2,2,2,2,2,2,.,.,.,.,.,.
522,1,2,.,.,.,2,2,2,2,2,2,2,2,2,2,.,.,.,.,.,.
523,2,2,.,.,.,2,2,4,4,2,4,2,2,2,4,.,.,.,.,.,.
524,2,2,.,.,.,2,4,4,4,4,4,4,4,4,4,.,.,.,.,.,.
525,2,2,.,.,.,2,2,2,2,2,2,2,2,2,2,.,.,.,.,.,.
526,2,2,.,.,.,2,2,2,2,2,2,2,2,2,2,.,.,.,.,.,.
527,2,2,.,.,.,2,2,4,4,2,4,4,2,4,4,.,.,.,.,.,.
528,2,1,.,.,.,2,2,2,2,1,2,1,1,1,1,.,.,.,.,.,.
529,2,1,.,.,.,2,2,2,1,1,2,4,1,1,1,.,.,.,.,.,.
530,2,2,.,.,.,2,4,2,4,2,4,2,2,2,2,.,.,.,.,.,.
531,2,2,.,.,.,2,2,2,2,2,2,4,2,2,2,.,.,.,.,.,.
532,2,2,.,.,.,2,4,4,4,2,4,4,4,4,4,.,.,.,.,.,.
533,2,2,.,.,.,2,2,2,4,2,4,4,4,4,2,.,.,.,.,.,.
534,2,2,.,.,.,2,4,2,4,2,2,4,2,2,2,.,.,.,.,.,.
535,2,2,.,.,.,2,2,2,4,2,4,2,2,2,2,.,.,.,.,.,.
536,2,2,.,.,.,2,2,2,2,2,2,2,2,2,2,.,.,.,.,.,.
537,2,2,.,.,.,2,2,2,2,4,2,1,2,2,2,.,.,.,.,.,.
538,2,1,.,.,.,2,2,2,1,4,4,4,4,4,4,.,.,.,.,.,.
539,2,2,.,.,.,2,2,2,4,2,2,2,2,2,2,.,.,.,.,.,.
540,2,2,.,.,.,2,2,2,2,2,2,1,2,2,2,.,.,.,.,.,.
541,2,1,.,.,.,2,2,2,2,2,2,2,2,2,2,.,.,.,.,.,.
542,2,2,.,.,.,2,2,4,4,2,2,2,2,2,2,.,.,.,.,.,.
543,2,3,.,.,.,2,2,4,4,4,2,2,2,2,2,.,.,.,.,.,.
544,2,4,.,.,.,4,4,4,4,4,4,4,4,4,4,.,.,.,.,.,.
545,2,2,.,.,.,4,4,4,4,4,4,4,4,4,4,.,.,.,.,.,.
546,2,2,.,.,.,4,4,4,4,4,4,4,4,4,4,.,.,.,.,.,.
547,2,2,.,.,.,2,4,4,4,4,4,4,4,4,4,.,.,.,.,.,.
548,2,2,.,.,.,2,4,2,4,2,2,4,4,4,4,.,.,.,.,.,.
549,2,2,.,.,.,4,4,4,4,4,4,4,4,4,4,.,.,.,.,.,.
550,2,2,.,.,.,2,4,2,4,4,4,4,4,4,4,.,.,.,.,.,.
551,2,2,.,.,.,2,4,4,4,2,2,2,2,2,2,.,.,.,.,.,.
552,2,2,.,.,.,4,4,4,4,4,2,4,4,2,2,.,.,.,.,.,.
553,2,2,.,.,.,2,3,2,4,4,2,2,2,2,2,.,.,.,.,.,.
554,2,2,.,.,.,2,2,2,4,2,4,2,2,4,2,.,.,.,.,.,.
555,2,2,.,.,.,2,2,4,4,2,4,4,4,2,4,.,.,.,.,.,.
556,2,2,.,.,.,2,2,4,4,4,4,4,2,2,2,.,.,.,.,.,.
557,2,2,.,.,.,2,4,4,4,4,4,4,4,4,4,.,.,.,.,.,.
558,2,2,.,.,.,4,4,4,4,4,4,4,4,4,4,.,.,.,.,.,.
559,2,2,.,.,.,2,4,4,4,4,4,4,4,4,4,.,.,.,.,.,.
560,2,2,.,.,.,4,4,4,4,4,4,4,4,4,4,.,.,.,.,.,.
561,2,2,.,.,.,2,2,2,4,2,4,2,4,4,4,.,.,.,.,.,.
562,2,2,.,.,.,4,2,4,4,4,4,2,4,4,4,.,.,.,.,.,.
563,2,2,.,.,.,2,2,2,2,2,2,2,2,2,2,.,.,.,.,.,.
564,4,2,.,.,.,4,4,2,2,4,4,4,4,4,4,.,.,.,.,.,.
565,4,2,.,.,.,4,4,4,4,4,4,4,4,4,4,.,.,.,.,.,.
566,2,3,.,.,.,4,4,4,4,4,4,4,4,4,4,.,.,.,.,.,.
567,3,3,.,.,.,4,4,4,4,4,4,4,4,4,4,.,.,.,.,.,.
568,3,3,.,.,.,4,4,4,4,4,4,4,4,4,4,.,.,.,.,.,.
569,3,3,.,.,.,4,4,4,4,4,4,4,4,4,4,.,.,.,.,.,.
570,3,3,.,.,.,4,4,4,4,4,4,4,4,4,4,.,.,.,.,.,.
571,3,3,.,.,.,4,4,4,4,4,4,4,4,4,4,.,.,.,.,.,.
572,3,3,.,.,.,4,4,4,4,4,4,4,4,4,4,.,.,.,.,.,.
573,3,2,.,.,.,4,4,4,4,4,4,4,4,4,4,.,.,.,.,.,.
574,3,2,.,.,.,4,4,4,2,4,4,4,4,4,4,.,.,.,.,.,.
575,3,3,.,.,.,4,0,4,2,4,4,4,4,4,4,.,.,.,.,.,.
576,3,3,.,.,.,4,4,4,3,4,4,4,4,4,4,.,.,.,.,.,.
577,3,3,.,.,.,4,4,2,2,3,4,3,4,4,4,.,.,.,.,.,.
578,3,3,.,.,.,4,4,4,4,4,4,4,4,4,4,.,.,.,.,.,.
579,3,3,.,.,.,4,4,4,4,4,4,4,4,4,4,.,.,.,.,.,.
580,3,3,.,.,.,4,4,4,4,4,4,4,4,4,4,.,.,.,.,.,.
581,3,3,.,.,.,4,4,4,4,4,4,4,4,4,4,.,.,.,.,.,.
582,3,3,.,.,.,4,4,4,4,4,4,4,4,4,4,.,.,.,.,.,.
583,3,3,.,.,.,4,4,4,3,4,4,4,4,4,4,.,.,.,.,.,.
584,3,3,.,.,.,4,4,4,4,4,4,4,4,4,4,.,.,.,.,.,.
585,3,3,.,.,.,4,4,4,4,4,4,4,4,4,4,.,.,.,.,.,.
586,4,4,.,.,.,4,4,4,4,4,4,4,4,4,4,.,.,.,.,.,.
587,4,4,.,.,.,4,4,4,4,4,4,4,4,4,4,.,.,.,.,.,.
588,4,2,.,.,.,4,4,4,2,4,4,4,4,4,4,.,.,.,.,.,.
589,4,2,.,.,.,4,4,4,4,4,4,4,4,4,4,.,.,.,.,.,.
590,2,3,.,.,.,4,4,4,4,4,4,4,4,4,4,.,.,.,.,.,.
591,2,3,.,.,.,4,4,4,4,4,4,4,4,4,4,.,.,.,.,.,.
592,2,2,.,.,.,2,4,4,4,4,4,4,4,4,4,.,.,.,.,.,.
593,2,2,.,.,.,2,4,4,4,4,2,2,2,2,4,.,.,.,.,.,.
594,3,2,.,.,.,4,4,4,4,4,4,4,4,4,4,.,.,.,.,.,.
595,3,3,.,.,.,4,4,4,4,4,4,4,4,4,4,.,.,.,.,.,.
596,3,3,.,.,.,4,4,4,2,4,4,2,4,4,4,.,.,.,.,.,.
597,3,3,.,.,.,4,2,2,2,3,4,3,3,3,2,.,.,.,.,.,.
598,3,3,.,.,.,4,4,4,4,4,4,4,4,4,4,.,.,.,.,.,.
599,3,3,.,.,.,4,4,4,4,4,4,4,4,4,4,.,.,.,.,.,.
600,3,3,.,.,.,4,4,2,4,4,4,4,4,4,4,.,.,.,.,.,.
601,3,2,.,.,.,4,3,4,4,4,4,4,4,4,4,.,.,.,.,.,.
602,3,3,.,.,.,4,4,4,4,4,4,4,4,4,4,.,.,.,.,.,.
603,3,3,.,.,.,4,4,2,2,4,4,4,4,4,4,.,.,.,.,.,.
604,3,3,.,.,.,4,4,2,4,4,2,2,4,4,4,.,.,.,.,.,.
605,3,3,.,.,.,2,4,4,4,2,2,2,4,4,2,.,.,.,.,.,.
606,3,3,.,.,.,4,4,4,4,4,4,4,4,4,4,.,.,.,.,.,.
607,3,2,.,.,.,4,4,4,4,4,4,4,4,4,4,.,.,.,.,.,.
608,3,3,.,.,.,4,4,4,2,4,4,4,4,4,4,.,.,.,.,.,.
609,3,3,.,.,.,4,3,2,4,4,4,4,4,4,4,.,.,.,.,.,.
610,3,3,.,.,.,4,4,4,4,4,4,4,4,4,4,.,.,.,.,.,.
611,3,2,.,.,.,4,4,4,2,4,4,4,4,4,4,.,.,.,.,.,.
612,3,3,.,.,.,4,4,4,2,4,4,4,4,4,4,.,.,.,.,.,.
613,2,3,.,.,.,4,4,4,2,4,4,4,4,4,4,.,.,.,.,.,.
614,2,3,.,.,.,4,4,4,2,4,4,4,4,4,4,.,.,.,.,.,.
615,3,2,.,.,.,4,4,4,4,4,4,4,4,4,4,.,.,.,.,.,.
616,3,3,.,.,.,4,2,2,4,4,2,2,2,2,2,.,.,.,.,.,.
617,3,2,.,.,.,4,4,4,4,4,2,4,4,4,4,.,.,.,.,.,.
618,3,3,.,.,.,4,4,4,2,4,4,4,2,4,4,.,.,.,.,.,.
619,3,3,.,.,.,4,4,4,2,4,4,4,4,4,4,.,.,.,.,.,.
620,3,3,.,.,.,4,4,4,4,4,4,4,4,4,4,.,.,.,.,.,.
621,2,2,.,.,.,4,4,4,4,4,2,4,2,2,2,.,.,.,.,.,.
622,3,3,.,.,.,4,4,4,4,4,4,4,4,4,4,.,.,.,.,.,.
623,4,2,.,.,.,4,4,4,4,4,4,4,4,4,4,.,.,.,.,.,.
624,4,4,.,.,.,2,4,4,4,4,4,4,4,4,4,.,.,.,.,.,.
625,4,2,.,.,.,4,4,2,4,4,4,4,4,4,4,.,.,.,.,.,.
626,2,2,.,.,.,4,4,2,4,4,4,4,2,4,2,.,.,.,.,.,.
627,2,2,.,.,.,4,4,4,4,4,4,4,4,4,4,.,.,.,.,.,.
628,2,2,.,.,.,4,4,4,4,4,4,4,4,4,4,.,.,.,.,.,.
629,2,3,.,.,.,4,4,4,4,4,4,4,4,4,4,.,.,.,.,.,.
630,2,3,.,.,.,4,4,2,4,4,4,4,4,4,4,.,.,.,.,.,.
631,2,2,.,.,.,4,4,2,4,4,4,4,4,4,4,.,.,.,.,.,.
632,2,2,.,.,.,4,4,4,4,4,4,4,4,4,4,.,.,.,.,.,.
633,2,2,.,.,.,4,4,4,4,4,4,4,4,4,4,.,.,.,.,.,.
634,2,3,.,.,.,4,4,4,4,4,4,4,4,4,4,.,.,.,.,.,.
635,2,2,.,.,.,4,4,4,4,4,4,4,4,4,4,.,.,.,.,.,.
636,2,2,.,.,.,2,4,2,4,4,4,4,4,4,4,.,.,.,.,.,.
637,2,3,.,.,.,4,4,4,4,4,4,4,4,4,4,.,.,.,.,.,.
638,2,2,.,.,.,2,4,2,4,4,4,4,4,4,4,.,.,.,.,.,.
639,4,4,.,.,.,4,4,4,4,4,4,4,4,4,4,.,.,.,.,.,.
640,2,4,.,.,.,4,4,4,4,4,4,4,4,4,4,.,.,.,.,.,.
641,2,2,.,.,.,4,4,4,4,4,4,4,4,4,4,.,.,.,.,.,.
642,2,2,.,.,.,4,4,4,4,4,4,4,4,4,4,.,.,.,.,.,.
643,2,2,.,.,.,4,4,4,4,4,4,4,4,4,4,.,.,.,.,.,.
644,2,2,.,.,.,2,4,4,4,4,4,4,4,4,4,.,.,.,.,.,.
645,2,2,.,.,.,2,4,4,4,2,4,4,4,4,4,.,.,.,.,.,.
646,2,2,.,.,.,4,4,2,4,4,4,4,4,4,4,.,.,.,.,.,.
647,2,2,.,.,.,2,4,4,4,4,4,4,4,4,4,.,.,.,.,.,.
648,2,2,.,.,.,2,2,2,4,2,1,2,4,2,2,.,.,.,.,.,.
649,2,2,.,.,.,2,4,4,4,4,4,4,4,4,4,.,.,.,.,.,.
650,2,4,.,.,.,4,4,4,4,4,4,4,4,4,4,.,.,.,.,.,.
651,2,2,.,.,.,4,4,4,4,4,4,4,4,4,4,.,.,.,.,.,.
652,2,2,.,.,.,4,4,4,4,4,4,4,4,4,4,.,.,.,.,.,.
653,2,2,.,.,.,2,4,4,2,4,4,4,4,4,4,.,.,.,.,.,.
654,2,2,.,.,.,4,4,4,4,4,4,4,4,4,4,.,.,.,.,.,.
655,2,2,.,.,.,2,2,2,4,4,4,4,4,4,4,.,.,.,.,.,.
656,2,2,.,.,.,4,4,4,4,4,4,4,4,4,4,.,.,.,.,.,.
657,2,2,.,.,.,2,2,4,4,4,4,4,4,4,4,.,.,.,.,.,.
658,2,2,.,.,.,2,4,4,4,2,4,2,2,2,4,.,.,.,.,.,.
659,2,2,.,.,.,2,4,2,4,2,2,2,2,2,2,.,.,.,.,.,.
660,2,2,.,.,.,4,4,4,4,4,4,4,4,4,4,.,.,.,.,.,.
661,2,2,.,.,.,2,4,4,4,4,4,4,4,4,4,.,.,.,.,.,.
662,2,2,.,.,.,4,4,2,4,4,4,4,4,4,4,.,.,.,.,.,.
663,2,2,.,.,.,2,2,2,4,2,4,2,2,2,4,.,.,.,.,.,.
664,2,2,.,.,.,2,4,4,4,2,4,4,4,4,4,.,.,.,.,.,.
665,2,2,.,.,.,2,4,4,4,2,4,2,2,2,2,.,.,.,.,.,.
666,2,2,.,.,.,2,4,4,4,2,4,4,4,4,4,.,.,.,.,.,.
667,2,2,.,.,.,4,4,4,4,4,4,4,4,4,4,.,.,.,.,.,.
668,2,2,.,.,.,2,4,4,4,4,2,2,2,2,2,.,.,.,.,.,.
669,2,2,.,.,.,2,2,2,4,4,4,4,4,4,4,.,.,.,.,.,.
670,2,2,.,.,.,2,4,4,4,2,4,2,2,2,2,.,.,.,.,.,.
671,2,2,.,.,.,4,4,4,4,4,4,4,4,4,4,.,.,.,.,.,.
672,2,2,.,.,.,2,4,4,4,4,4,2,2,2,2,.,.,.,.,.,.
673,4,4,.,.,.,4,4,4,4,4,4,4,4,4,4,.,.,.,.,.,.
674,2,2,.,.,.,2,4,4,4,4,4,4,4,4,4,.,.,.,.,.,.
675,2,2,.,.,.,4,2,4,4,4,4,4,4,4,4,.,.,.,.,.,.
676,2,2,.,.,.,4,4,4,4,4,4,4,4,4,4,.,.,.,.,.,.
677,2,2,.,.,.,4,4,4,4,4,4,4,4,4,4,.,.,.,.,.,.
678,2,2,.,.,.,4,4,4,4,4,4,4,4,4,4,.,.,.,.,.,.
679,2,2,.,.,.,4,4,4,4,4,4,4,4,4,4,.,.,.,.,.,.
680,2,3,.,.,.,2,4,4,4,4,4,4,4,4,4,.,.,.,.,.,.
681,4,2,.,.,.,4,4,4,4,4,4,4,4,4,4,.,.,.,.,.,.
682,4,4,.,.,.,4,4,4,4,4,4,4,4,4,4,.,.,.,.,.,.
683,4,4,.,.,.,4,4,4,4,4,4,4,4,4,4,.,.,.,.,.,.
684,4,4,.,.,.,4,4,4,4,4,4,4,4,4,4,.,.,.,.,.,.
685,4,4,.,.,.,4,4,4,4,4,4,4,4,4,4,.,.,.,.,.,.
686,4,4,.,.,.,4,4,4,4,4,4,4,4,4,4,.,.,.,.,.,.
687,4,4,.,.,.,4,4,4,4,4,4,4,4,4,4,.,.,.,.,.,.
688,4,4,.,.,.,4,4,4,4,4,4,4,4,4,4,.,.,.,.,.,.
689,4,4,.,.,.,4,4,4,4,4,4,4,4,4,4,.,.,.,.,.,.
690,4,4,.,.,.,4,3,4,4,4,4,4,4,4,4,.,.,.,.,.,.
691,4,4,.,.,.,4,4,4,4,4,4,4,4,4,4,.,.,.,.,.,.
692,4,4,.,.,.,4,4,4,4,4,4,4,4,4,4,.,.,.,.,.,.
693,4,4,.,.,.,4,4,4,4,4,4,4,4,4,4,.,.,.,.,.,.
694,4,4,.,.,.,4,4,4,4,4,4,4,4,4,4,.,.,.,.,.,.
695,4,4,.,.,.,4,4,4,4,4,4,4,4,4,4,.,.,.,.,.,.
696,4,4,.,.,.,4,4,4,4,4,4,4,4,4,4,.,.,.,.,.,.
697,4,4,.,.,.,4,4,4,4,4,4,4,4,4,4,.,.,.,.,.,.
698,4,4,.,.,.,2,4,4,4,4,4,4,4,4,4,.,.,.,.,.,.
699,4,4,.,.,.,4,4,4,4,4,4,4,4,4,4,.,.,.,.,.,.
700,4,4,.,.,.,4,4,4,4,2,4,4,4,4,4,.,.,.,.,.,.
701,4,4,.,.,.,4,4,4,4,4,4,4,4,4,4,.,.,.,.,.,.
702,4,4,.,.,.,2,4,2,4,2,4,4,4,4,4,.,.,.,.,.,.
703,4,4,.,.,.,2,4,4,4,4,4,4,4,4,4,.,.,.,.,.,.
704,4,2,.,.,.,2,4,4,4,4,4,4,4,4,4,.,.,.,.,.,.
705,4,4,.,.,.,4,4,4,4,4,4,4,4,4,4,.,.,.,.,.,.
706,4,4,.,.,.,4,4,4,4,4,4,4,4,4,4,.,.,.,.,.,.
707,4,4,.,.,.,4,4,4,4,4,4,4,4,4,4,.,.,.,.,.,.
708,4,4,.,.,.,4,4,4,4,4,4,4,4,4,4,.,.,.,.,.,.
709,4,4,.,.,.,4,4,4,4,4,4,4,4,4,4,.,.,.,.,.,.
710,4,4,.,.,.,4,4,4,4,4,4,4,4,4,4,.,.,.,.,.,.
711,4,4,.,.,.,4,4,4,4,4,4,4,4,4,4,.,.,.,.,.,.
712,4,4,.,.,.,4,4,4,4,4,4,4,4,4,4,.,.,.,.,.,.
713,4,2,.,.,.,2,2,2,2,2,2,2,1,2,1,.,.,.,.,.,.
714,4,4,.,.,.,4,4,4,4,4,4,4,4,4,4,.,.,.,.,.,.
715,4,2,.,.,.,2,4,4,4,2,2,1,2,2,2,.,.,.,.,.,.
716,4,4,.,.,.,4,4,4,4,4,4,4,4,4,4,.,.,.,.,.,.
717,4,4,.,.,.,4,4,4,4,4,4,2,4,4,4,.,.,.,.,.,.
718,4,4,.,.,.,4,4,4,4,4,4,4,4,4,4,.,.,.,.,.,.
719,4,4,.,.,.,4,4,4,4,4,4,4,4,4,4,.,.,.,.,.,.
720,4,4,.,.,.,4,4,4,4,4,4,4,4,4,4,.,.,.,.,.,.
721,4,4,.,.,.,4,4,4,4,4,4,4,4,4,4,.,.,.,.,.,.
722,4,4,.,.,.,4,4,4,4,4,4,4,4,4,4,.,.,.,.,.,.
723,4,4,.,.,.,4,4,4,3,4,4,4,4,4,4,.,.,.,.,.,.
724,4,4,.,.,.,4,4,4,4,4,4,4,4,4,4,.,.,.,.,.,.
725,4,4,.,.,.,4,4,4,2,4,4,4,4,4,4,.,.,.,.,.,.
726,4,4,.,.,.,4,4,4,4,4,4,4,4,4,4,.,.,.,.,.,.
727,4,4,.,.,.,4,4,4,4,4,4,4,4,4,4,.,.,.,.,.,.
728,4,4,.,.,.,4,4,4,4,4,4,4,4,4,4,.,.,.,.,.,.
729,4,4,.,.,.,4,4,4,4,4,4,4,4,4,4,.,.,.,.,.,.
730,4,4,.,.,.,4,4,4,4,4,4,4,4,4,4,.,.,.,.,.,.
731,4,4,.,.,.,2,4,4,4,2,4,2,2,4,4,.,.,.,.,.,.
732,4,4,.,.,.,4,4,4,4,4,4,4,4,4,4,.,.,.,.,.,.
733,4,4,.,.,.,4,4,4,4,4,4,4,4,4,4,.,.,.,.,.,.
734,4,4,.,.,.,4,4,4,4,4,4,4,4,4,4,.,.,.,.,.,.
735,4,4,.,.,.,4,4,4,4,4,4,4,4,4,4,.,.,.,.,.,.
736,4,4,.,.,.,4,4,4,4,4,4,4,4,4,4,.,.,.,.,.,.
737,4,4,.,.,.,4,4,4,4,4,4,4,4,4,4,.,.,.,.,.,.
738,4,4,.,.,.,4,4,4,4,4,4,4,4,4,4,.,.,.,.,.,.
739,4,4,.,.,.,4,4,4,3,4,4,2,4,4,4,.,.,.,.,.,.
740,4,4,.,.,.,4,4,4,4,4,4,4,4,4,4,.,.,.,.,.,.
741,4,4,.,.,.,4,4,4,4,4,4,4,4,4,4,.,.,.,.,.,.
742,4,2,.,.,.,4,4,4,4,4,4,4,4,4,4,.,.,.,.,.,.
743,4,4,.,.,.,4,4,4,2,4,4,4,4,4,4,.,.,.,.,.,.
744,4,4,.,.,.,4,4,4,3,4,4,4,4,4,4,.,.,.,.,.,.
745,4,4,.,.,.,4,4,4,4,4,4,4,4,4,4,.,.,.,.,.,.
746,4,4,.,.,.,4,4,4,4,4,4,4,4,4,4,.,.,.,.,.,.
747,4,4,.,.,.,4,4,4,4,4,4,4,4,4,4,.,.,.,.,.,.
748,4,4,.,.,.,4,4,4,4,4,4,4,4,4,4,.,.,.,.,.,.
749,4,4,.,.,.,4,4,4,4,4,4,4,4,4,4,.,.,.,.,.,.
750,4,4,.,.,.,4,4,4,4,4,4,4,4,4,4,.,.,.,.,.,.
751,4,2,.,.,.,4,4,4,4,4,3,3,3,3,3,.,.,.,.,.,.
752,4,4,.,.,.,2,4,4,4,4,4,4,4,4,4,.,.,.,.,.,.
753,4,4,.,.,.,4,4,4,4,4,4,4,4,4,4,.,.,.,.,.,.
754,4,4,.,.,.,2,2,4,4,2,2,2,2,2,2,.,.,.,.,.,.
755,4,2,.,.,.,2,2,4,4,2,2,2,2,2,2,.,.,.,.,.,.
756,4,4,.,.,.,4,4,4,4,4,4,4,4,4,4,.,.,.,.,.,.
757,4,4,.,.,.,4,4,4,4,4,4,4,4,4,4,.,.,.,.,.,.
758,4,4,.,.,.,4,0,4,4,4,4,4,4,4,4,.,.,.,.,.,.
759,4,4,.,.,.,4,4,4,4,4,4,4,4,4,4,.,.,.,.,.,.
760,4,4,.,.,.,4,4,4,4,4,4,4,4,4,4,.,.,.,.,.,.
761,4,4,.,.,.,4,4,4,4,4,4,4,4,4,4,.,.,.,.,.,.
762,4,4,.,.,.,4,4,4,4,4,4,4,4,4,4,.,.,.,.,.,.
763,4,4,.,.,.,4,4,4,4,4,4,4,4,4,4,.,.,.,.,.,.
764,4,4,.,.,.,4,4,4,4,4,4,4,4,4,4,.,.,.,.,.,.
765,4,4,.,.,.,4,4,4,4,4,4,4,4,4,4,.,.,.,.,.,.
766,4,4,.,.,.,4,4,4,4,4,4,4,4,4,4,.,.,.,.,.,.
767,4,4,.,.,.,4,4,4,4,4,4,4,4,4,4,.,.,.,.,.,.
768,4,4,.,.,.,4,3,4,4,4,4,4,4,4,4,.,.,.,.,.,.
769,4,4,.,.,.,4,4,4,4,4,4,4,4,4,4,.,.,.,.,.,.
770,4,4,.,.,.,4,4,4,4,4,4,4,4,4,4,.,.,.,.,.,.
771,4,4,.,.,.,4,4,4,4,4,4,4,4,4,4,.,.,.,.,.,.
772,4,4,.,.,.,4,4,4,3,4,4,4,4,4,4,.,.,.,.,.,.
773,4,4,.,.,.,4,4,4,4,4,4,4,4,4,4,.,.,.,.,.,.
774,4,4,.,.,.,4,4,4,4,4,4,4,4,4,4,.,.,.,.,.,.
775,4,4,.,.,.,4,4,4,4,4,4,3,4,4,4,.,.,.,.,.,.
776,4,4,.,.,.,4,4,4,4,4,4,4,4,4,4,.,.,.,.,.,.
777,4,4,.,.,.,4,3,4,4,4,4,4,4,4,4,.,.,.,.,.,.
778,4,4,.,.,.,4,4,4,4,4,4,4,4,4,4,.,.,.,.,.,.
779,4,4,.,.,.,4,4,4,4,4,4,4,4,4,4,.,.,.,.,.,.
780,4,4,.,.,.,4,4,4,2,4,4,4,4,4,4,.,.,.,.,.,.
781,4,4,.,.,.,4,4,4,4,4,4,4,4,4,4,.,.,.,.,.,.
782,4,4,.,.,.,4,4,4,4,4,4,4,4,4,4,.,.,.,.,.,.
783,4,4,.,.,.,4,4,4,4,4,4,4,4,4,4,.,.,.,.,.,.
784,4,4,.,.,.,4,4,4,4,4,4,4,4,4,4,.,.,.,.,.,.
785,4,4,.,.,.,2,4,4,4,4,4,4,4,4,4,.,.,.,.,.,.
786,4,4,.,.,.,4,4,4,4,4,4,4,4,4,4,.,.,.,.,.,.
787,4,4,.,.,.,4,4,4,4,4,4,4,4,4,4,.,.,.,.,.,.
788,4,4,.,.,.,4,4,4,4,4,4,4,4,4,4,.,.,.,.,.,.
789,4,4,.,.,.,4,4,4,4,4,4,4,4,4,4,.,.,.,.,.,.
790,4,4,.,.,.,4,4,4,4,4,4,4,4,4,4,.,.,.,.,.,.
791,4,4,.,.,.,4,4,4,4,4,4,4,4,4,4,.,.,.,.,.,.
792,4,4,.,.,.,4,4,4,2,4,4,4,4,4,4,.,.,.,.,.,.
793,4,4,.,.,.,4,4,4,4,4,4,4,4,4,4,.,.,.,.,.,.
794,4,4,.,.,.,4,4,4,2,4,4,4,4,4,4,.,.,.,.,.,.
795,4,4,.,.,.,4,4,4,4,4,4,4,4,4,4,.,.,.,.,.,.
796,4,4,.,.,.,4,3,4,2,4,4,4,4,4,4,.,.,.,.,.,.
797,4,4,.,.,.,4,4,4,4,4,4,4,4,4,4,.,.,.,.,.,.
798,2,4,.,.,.,4,4,4,4,4,4,4,4,4,4,.,.,.,.,.,.
799,4,4,.,.,.,4,4,4,4,4,4,4,4,4,4,.,.,.,.,.,.
800,4,4,.,.,.,4,4,4,3,4,4,4,4,4,4,.,.,.,.,.,.
801,4,4,.,.,.,4,4,4,4,4,4,4,4,4,4,.,.,.,.,.,.
802,4,4,.,.,.,2,4,4,4,4,4,4,4,4,4,.,.,.,.,.,.
803,4,4,.,.,.,4,4,4,4,4,4,4,4,4,4,.,.,.,.,.,.
804,4,4,.,.,.,4,4,4,4,4,4,4,4,4,4,.,.,.,.,.,.
805,4,4,.,.,.,4,4,4,4,4,4,4,4,4,4,.,.,.,.,.,.
806,4,4,.,.,.,4,4,4,4,4,4,4,4,4,4,.,.,.,.,.,.
807,4,2,.,.,.,4,4,2,4,4,4,4,4,4,4,.,.,.,.,.,.
808,4,4,.,.,.,4,4,4,2,4,4,4,4,4,4,.,.,.,.,.,.
809,2,2,.,.,.,4,4,4,4,4,4,4,4,4,4,.,.,.,.,.,.
810,2,2,.,.,.,4,2,2,4,4,4,4,4,4,4,.,.,.,.,.,.
811,2,2,.,.,.,4,4,4,4,4,4,4,4,4,4,.,.,.,.,.,.
812,2,2,.,.,.,2,4,4,4,4,4,4,4,4,4,.,.,.,.,.,.
813,2,2,.,.,.,4,4,4,4,4,4,4,4,4,4,.,.,.,.,.,.
814,2,3,.,.,.,4,4,4,4,4,4,4,4,4,4,.,.,.,.,.,.
815,2,2,.,.,.,4,4,4,4,4,4,4,4,4,4,.,.,.,.,.,.
816,4,2,.,.,.,4,4,4,4,4,4,4,4,4,4,.,.,.,.,.,.
817,2,3,.,.,.,4,4,4,4,4,4,4,4,4,4,.,.,.,.,.,.
818,4,4,.,.,.,4,4,4,4,4,4,4,4,4,4,.,.,.,.,.,.
819,2,4,.,.,.,4,4,4,4,4,4,4,4,4,4,.,.,.,.,.,.
820,2,2,.,.,.,2,4,4,4,4,2,4,2,2,2,.,.,.,.,.,.
821,2,2,.,.,.,2,4,4,4,4,4,4,4,4,4,.,.,.,.,.,.
822,2,2,.,.,.,4,4,4,2,4,4,4,4,4,4,.,.,.,.,.,.
823,2,2,.,.,.,4,4,4,2,4,4,4,4,4,4,.,.,.,.,.,.
824,2,2,.,.,.,4,4,4,4,4,4,4,4,4,4,.,.,.,.,.,.
825,2,2,.,.,.,4,4,4,4,4,4,4,4,4,4,.,.,.,.,.,.
826,2,2,.,.,.,4,4,4,4,4,4,4,4,4,4,.,.,.,.,.,.
827,2,2,.,.,.,4,4,4,4,4,4,4,4,4,4,.,.,.,.,.,.
828,2,2,.,.,.,4,4,4,4,4,4,2,2,2,4,.,.,.,.,.,.
829,2,2,.,.,.,4,4,4,4,4,4,4,4,4,4,.,.,.,.,.,.
830,2,2,.,.,.,4,4,4,4,4,4,4,4,4,4,.,.,.,.,.,.
831,2,2,.,.,.,4,4,4,4,4,4,4,4,4,4,.,.,.,.,.,.
832,2,3,.,.,.,4,4,4,3,4,2,4,4,4,4,.,.,.,.,.,.
833,4,2,.,.,.,4,4,4,4,4,4,4,4,4,4,.,.,.,.,.,.
834,4,4,.,.,.,4,4,4,4,4,4,4,4,4,4,.,.,.,.,.,.
835,2,2,.,.,.,4,4,4,2,4,4,4,4,4,4,.,.,.,.,.,.
836,2,2,.,.,.,4,4,2,2,4,4,4,4,4,4,.,.,.,.,.,.
837,2,2,.,.,.,4,4,4,4,4,4,4,4,4,4,.,.,.,.,.,.
838,2,2,.,.,.,4,4,4,4,4,4,4,4,4,4,.,.,.,.,.,.
839,2,3,.,.,.,4,4,4,4,4,4,4,4,4,4,.,.,.,.,.,.
840,2,2,.,.,.,4,4,4,4,4,4,4,4,4,4,.,.,.,.,.,.
841,2,2,.,.,.,4,4,4,4,4,4,4,4,4,4,.,.,.,.,.,.
842,2,2,.,.,.,2,4,4,4,4,4,4,4,4,4,.,.,.,.,.,.
843,2,3,.,.,.,4,4,4,4,4,4,4,4,4,4,.,.,.,.,.,.
844,2,2,.,.,.,4,4,4,4,4,4,4,2,2,4,.,.,.,.,.,.
845,2,2,.,.,.,4,4,4,4,4,4,2,4,4,4,.,.,.,.,.,.
846,2,2,.,.,.,2,4,4,4,4,4,4,4,4,4,.,.,.,.,.,.
847,2,2,.,.,.,4,4,4,4,4,4,4,4,4,4,.,.,.,.,.,.
848,2,2,.,.,.,4,4,4,4,4,4,2,4,4,4,.,.,.,.,.,.
849,2,2,.,.,.,2,4,4,4,4,4,4,4,4,4,.,.,.,.,.,.
850,2,3,.,.,.,4,4,4,2,4,4,4,4,4,4,.,.,.,.,.,.
851,2,2,.,.,.,4,4,4,4,4,4,4,4,4,4,.,.,.,.,.,.
852,2,2,.,.,.,2,4,2,4,4,2,2,4,4,4,.,.,.,.,.,.
853,2,2,.,.,.,4,4,3,4,2,2,4,4,4,4,.,.,.,.,.,.
854,2,2,.,.,.,4,4,4,4,4,4,4,4,4,4,.,.,.,.,.,.
855,2,2,.,.,.,2,4,4,4,4,4,4,4,4,4,.,.,.,.,.,.
856,2,2,.,.,.,2,4,4,4,4,4,4,2,4,4,.,.,.,.,.,.
857,2,2,.,.,.,4,4,4,4,4,4,4,4,4,4,.,.,.,.,.,.
858,2,2,.,.,.,2,4,4,4,4,4,4,4,4,4,.,.,.,.,.,.
859,2,2,.,.,.,2,4,4,4,4,4,4,4,4,4,.,.,.,.,.,.
860,4,4,.,.,.,4,4,4,4,4,4,4,4,4,4,.,.,.,.,.,.
861,2,2,.,.,.,4,4,4,2,4,4,4,4,2,2,.,.,.,.,.,.
862,2,2,.,.,.,4,4,4,4,4,4,4,4,4,4,.,.,.,.,.,.
863,2,2,.,.,.,4,4,4,4,4,4,4,4,4,4,.,.,.,.,.,.
864,2,2,.,.,.,4,4,4,4,4,4,4,4,4,4,.,.,.,.,.,.
865,2,2,.,.,.,2,2,4,4,4,4,4,4,4,4,.,.,.,.,.,.
866,2,3,.,.,.,4,4,4,4,4,4,4,4,4,4,.,.,.,.,.,.
867,2,2,.,.,.,4,2,2,4,4,4,4,4,4,4,.,.,.,.,.,.
868,2,2,.,.,.,2,4,2,4,4,4,4,4,4,4,.,.,.,.,.,.
869,2,2,.,.,.,4,4,4,4,4,4,4,4,4,4,.,.,.,.,.,.
870,2,2,.,.,.,2,2,4,4,4,4,4,4,4,4,.,.,.,.,.,.
871,2,2,.,.,.,4,4,4,4,4,4,4,4,4,4,.,.,.,.,.,.
872,2,2,.,.,.,2,2,4,4,4,4,4,4,4,4,.,.,.,.,.,.
873,2,2,.,.,.,4,4,4,4,4,4,4,4,4,4,.,.,.,.,.,.
874,2,2,.,.,.,2,4,2,2,4,4,4,4,4,4,.,.,.,.,.,.
875,2,2,.,.,.,2,4,4,4,4,4,4,4,4,4,.,.,.,.,.,.
876,2,2,.,.,.,4,4,4,4,4,4,4,4,4,4,.,.,.,.,.,.
877,2,2,.,.,.,2,4,4,4,4,4,4,4,4,4,.,.,.,.,.,.
878,2,2,.,.,.,2,4,4,4,2,4,2,2,2,2,.,.,.,.,.,.
879,2,4,.,.,.,4,4,4,4,4,4,4,4,4,4,.,.,.,.,.,.
880,2,4,.,.,.,4,4,4,4,4,4,4,4,4,4,.,.,.,.,.,.
881,2,4,.,.,.,4,4,4,2,4,4,4,4,4,4,.,.,.,.,.,.
882,2,2,.,.,.,4,4,4,4,4,4,4,4,4,4,.,.,.,.,.,.
883,2,2,.,.,.,4,4,4,4,4,4,4,4,4,4,.,.,.,.,.,.
884,2,2,.,.,.,4,4,4,4,4,4,4,4,4,4,.,.,.,.,.,.
885,2,2,.,.,.,4,4,4,2,4,4,4,4,4,4,.,.,.,.,.,.
886,2,2,.,.,.,2,4,2,4,4,4,2,4,4,4,.,.,.,.,.,.
887,2,2,.,.,.,4,4,4,4,2,4,2,2,4,4,.,.,.,.,.,.
888,2,2,.,.,.,4,4,2,4,4,4,4,4,4,4,.,.,.,.,.,.
889,2,2,.,.,.,4,4,4,4,4,4,4,4,2,2,.,.,.,.,.,.
890,2,3,.,.,.,4,4,4,4,4,4,4,4,4,4,.,.,.,.,.,.
891,4,4,.,.,.,4,4,4,4,4,4,4,4,4,4,.,.,.,.,.,.
892,4,4,.,.,.,4,4,4,4,4,4,4,4,4,4,.,.,.,.,.,.
893,4,4,.,.,.,2,4,2,4,2,2,2,2,2,2,.,.,.,.,.,.
894,4,4,.,.,.,4,3,4,2,4,4,4,4,4,4,.,.,.,.,.,.
895,4,4,.,.,.,4,4,4,4,4,4,4,4,4,4,.,.,.,.,.,.
896,4,4,.,.,.,4,4,4,4,4,4,4,4,4,4,.,.,.,.,.,.
897,4,4,.,.,.,4,4,4,4,4,4,4,4,4,4,.,.,.,.,.,.
898,4,4,.,.,.,4,4,4,4,4,4,4,4,4,4,.,.,.,.,.,.
899,2,4,.,.,.,4,4,4,3,4,4,4,4,4,4,.,.,.,.,.,.
900,2,2,.,.,.,4,4,4,4,4,4,4,4,4,4,.,.,.,.,.,.
901,2,2,.,.,.,4,4,4,4,4,4,4,4,4,4,.,.,.,.,.,.
902,2,2,.,.,.,2,4,2,2,2,2,2,2,4,4,.,.,.,.,.,.
903,2,2,.,.,.,2,4,2,4,2,4,4,4,4,2,.,.,.,.,.,.
904,2,2,.,.,.,2,4,4,4,4,4,4,4,4,4,.,.,.,.,.,.
905,2,3,.,.,.,4,4,4,4,4,4,4,4,4,4,.,.,.,.,.,.
906,2,2,.,.,.,4,4,4,2,4,4,4,4,4,4,.,.,.,.,.,.
907,2,2,.,.,.,4,4,4,4,4,4,4,4,4,4,.,.,.,.,.,.
908,2,2,.,.,.,4,4,4,4,4,4,4,4,4,4,.,.,.,.,.,.
909,2,2,.,.,.,4,4,4,4,4,4,4,4,4,4,.,.,.,.,.,.
910,2,2,.,.,.,4,4,4,4,4,4,4,4,4,4,.,.,.,.,.,.
911,2,2,.,.,.,2,4,2,4,4,2,2,2,2,4,.,.,.,.,.,.
912,2,2,.,.,.,4,4,4,4,4,4,4,4,4,4,.,.,.,.,.,.
913,2,2,.,.,.,4,4,4,4,4,4,4,4,4,4,.,.,.,.,.,.
914,2,2,.,.,.,4,4,4,4,4,4,4,4,4,4,.,.,.,.,.,.
915,2,2,.,.,.,4,4,4,2,4,4,4,4,4,4,.,.,.,.,.,.
916,2,2,.,.,.,4,4,4,4,4,4,4,4,4,4,.,.,.,.,.,.
917,2,2,.,.,.,4,4,4,4,4,4,4,4,4,4,.,.,.,.,.,.
918,2,2,.,.,.,4,4,4,4,4,4,4,4,4,4,.,.,.,.,.,.
919,2,2,.,.,.,2,4,4,4,4,4,4,4,4,4,.,.,.,.,.,.
920,4,4,.,.,.,4,4,4,4,4,4,4,4,4,4,.,.,.,.,.,.
921,2,4,.,.,.,4,4,4,4,4,4,4,4,4,4,.,.,.,.,.,.
922,2,3,.,.,.,4,4,4,4,4,4,4,4,4,4,.,.,.,.,.,.
923,2,2,.,.,.,4,4,4,4,4,4,4,4,4,4,.,.,.,.,.,.
924,2,3,.,.,.,4,4,2,4,2,4,4,4,4,4,.,.,.,.,.,.
925,2,2,.,.,.,4,4,4,4,4,4,4,4,4,4,.,.,.,.,.,.
926,2,2,.,.,.,4,4,4,4,4,4,4,4,4,4,.,.,.,.,.,.
927,2,2,.,.,.,4,4,4,4,4,4,4,4,4,4,.,.,.,.,.,.
928,2,2,.,.,.,4,4,4,4,4,4,4,4,4,4,.,.,.,.,.,.
929,2,2,.,.,.,4,4,4,4,4,4,4,4,4,4,.,.,.,.,.,.
930,2,2,.,.,.,4,4,4,4,4,4,4,4,4,4,.,.,.,.,.,.
931,2,2,.,.,.,4,4,4,4,4,4,4,4,4,4,.,.,.,.,.,.
932,2,2,.,.,.,4,4,4,4,4,4,4,4,4,4,.,.,.,.,.,.
933,2,2,.,.,.,2,4,4,4,4,4,4,4,4,4,.,.,.,.,.,.
934,3,2,.,.,.,4,4,4,4,4,4,4,4,4,4,.,.,.,.,.,.
935,3,3,.,.,.,4,4,4,4,4,4,4,4,4,4,.,.,.,.,.,.
936,3,3,.,.,.,4,4,4,2,4,4,4,4,4,4,.,.,.,.,.,.
937,3,3,.,.,.,4,4,4,3,4,4,4,4,4,4,.,.,.,.,.,.
938,3,3,.,.,.,4,4,4,4,4,4,4,4,4,4,.,.,.,.,.,.
939,3,3,.,.,.,4,4,4,4,4,4,4,4,4,4,.,.,.,.,.,.
940,3,3,.,.,.,4,4,4,4,4,4,4,4,4,4,.,.,.,.,.,.
941,3,3,.,.,.,4,4,4,4,4,4,4,4,4,4,.,.,.,.,.,.
942,3,3,.,.,.,4,4,4,4,4,4,4,4,4,4,.,.,.,.,.,.
943,3,4,.,.,.,4,4,4,4,4,4,4,3,3,3,.,.,.,.,.,.
944,3,3,.,.,.,4,4,4,4,4,4,4,4,4,4,.,.,.,.,.,.
945,3,3,.,.,.,4,4,4,4,4,4,4,4,4,4,.,.,.,.,.,.
946,3,3,.,.,.,4,4,4,4,4,4,4,4,4,4,.,.,.,.,.,.
947,3,3,.,.,.,4,4,4,4,4,4,4,4,4,4,.,.,.,.,.,.
948,3,3,.,.,.,4,4,4,4,4,4,4,4,4,4,.,.,.,.,.,.
949,3,3,.,.,.,4,4,4,4,4,4,4,4,4,4,.,.,.,.,.,.
950,3,3,.,.,.,4,4,4,4,4,4,4,4,4,4,.,.,.,.,.,.
951,3,3,.,.,.,4,4,4,2,4,4,4,4,4,4,.,.,.,.,.,.
952,3,2,.,.,.,4,4,4,4,4,4,4,4,4,4,.,.,.,.,.,.
953,3,3,.,.,.,4,4,4,4,3,3,3,4,4,4,.,.,.,.,.,.
954,3,3,.,.,.,4,4,4,4,4,4,4,4,4,4,.,.,.,.,.,.
955,3,3,.,.,.,4,4,4,4,4,4,4,4,4,4,.,.,.,.,.,.
956,3,3,.,.,.,4,4,4,4,4,4,4,4,4,4,.,.,.,.,.,.
957,3,3,.,.,.,4,4,4,2,4,4,4,4,4,4,.,.,.,.,.,.
958,3,3,.,.,.,4,4,4,2,4,4,4,4,4,4,.,.,.,.,.,.
959,3,3,.,.,.,4,4,4,2,4,4,4,4,4,4,.,.,.,.,.,.
960,3,3,.,.,.,4,4,4,4,4,4,4,4,4,4,.,.,.,.,.,.
961,3,3,.,.,.,4,4,4,4,4,4,4,4,4,4,.,.,.,.,.,.
962,3,3,.,.,.,.,.,.,.,.,.,.,.,.,.,.,.,.,.,.,.
Accuracy,.,0.8612,0.0,0.0,0.0,0.5438,0.3904,0.4238,0.3486,0.4269,0.3883,0.4248,0.4186,0.4175,0.4081,0.0,0.0,0.0,0.0,0.0,0.0
